shop_id,shop_name,region_code,product_id,product_name,score,rating,variant,template_index,template_name,content,source_key
"1","蔡徐坤ikun specialty store","BELL","1","Boat_KUN划船坤","10","夯爆了","1","2","风味平衡","[示例评价] Boat_KUN划船坤把整体风味的味道收得比较平衡，不会只剩单一的咸或甜；喜欢清爽口味的话可以少加酱汁。","9c8a9bd594884c79c14bcfd7"
"1","蔡徐坤ikun specialty store","BELL","1","Boat_KUN划船坤","8","人上人","2","3","口感变化","[示例评价] 这道Boat_KUN划船坤有意思的地方在口感变化：整体风味带来不同的咀嚼感，慢慢吃比急着吞更能尝出细节。","a00f8ce26d55ca9d86b3d7e9"
"1","蔡徐坤ikun specialty store","BELL","321","宫保鸡丁","10","夯爆了","1","10","复购判断","[示例评价] 这道宫保鸡丁的优点是鸡肉各有分工，吃完不会觉得味道散；如果这次合口味，下次还会想再点。","5d809046125414df6d9665c8"
"1","蔡徐坤ikun specialty store","BELL","321","宫保鸡丁","10","夯爆了","2","1","第一口印象","[示例评价] 第一口先尝到鸡肉的味道，层次很清楚；宫保鸡丁适合趁热吃，香气会更完整。","fb4ee0c54f3f54d46873ecac"
"1","蔡徐坤ikun specialty store","BELL","322","宫保鸡丁","9","顶级","1","4","香气表现","[示例评价] 端上来时鸡肉的香气很先声夺人，入口后味道也跟得上；作为一餐里的主角很合适。","d01888ffdc613d589053f105"
"1","蔡徐坤ikun specialty store","BELL","322","宫保鸡丁","8","人上人","2","5","食材搭配","[示例评价] 从鸡肉的搭配看，食材之间没有互相抢味，宫保鸡丁吃起来有自己的重点，配一杯清饮会更舒服。","617bebb8501c46de28a4a53d"
"1","蔡徐坤ikun specialty store","BELL","323","宫保鸡丁","10","夯爆了","1","5","食材搭配","[示例评价] 从鸡肉的搭配看，食材之间没有互相抢味，宫保鸡丁吃起来有自己的重点，配一杯清饮会更舒服。","c41be8a4d2d98204c7181c82"
"1","蔡徐坤ikun specialty store","BELL","323","宫保鸡丁","9","顶级","2","6","收尾回味","[示例评价] 咽下去以后还能留住一点鸡肉的回味，宫保鸡丁不是只靠第一口取胜，后段味道也有记忆点。","672a7a98778d4b91b8832cdc"
"2","Sitrus盛果庄 Fruit store","BELL","2","Indo Pomegranate印度石榴","8","人上人","1","10","复购判断","[示例评价] 这道Indo Pomegranate印度石榴的优点是整体风味各有分工，吃完不会觉得味道散；如果这次合口味，下次还会想再点。","b6078c8e8f85e1dbfa1710a3"
"2","Sitrus盛果庄 Fruit store","BELL","2","Indo Pomegranate印度石榴","9","顶级","2","1","第一口印象","[示例评价] 第一口先尝到整体风味的味道，层次很清楚；Indo Pomegranate印度石榴适合趁热吃，香气会更完整。","3761e34da4bb1ec9e58467ff"
"2","Sitrus盛果庄 Fruit store","BELL","3","Beibei Pumpkin贝贝南瓜","10","夯爆了","1","4","香气表现","[示例评价] 端上来时整体风味的香气很先声夺人，入口后味道也跟得上；作为一餐里的主角很合适。","1e0bb0f2442878a807a78dbe"
"2","Sitrus盛果庄 Fruit store","BELL","3","Beibei Pumpkin贝贝南瓜","9","顶级","2","5","食材搭配","[示例评价] 从整体风味的搭配看，食材之间没有互相抢味，Beibei Pumpkin贝贝南瓜吃起来有自己的重点，配一杯清饮会更舒服。","e0796a0e0941b531f3e70c8d"
"2","Sitrus盛果庄 Fruit store","BELL","4","NZ envy apple","10","夯爆了","1","6","收尾回味","[示例评价] 咽下去以后还能留住一点苹果的回味，NZ envy apple不是只靠第一口取胜，后段味道也有记忆点。","ac7b8c0cfe688daa709b14f6"
"2","Sitrus盛果庄 Fruit store","BELL","4","NZ envy apple","6","拉完了","2","7","日常满足","[示例评价] 想吃得踏实的时候可以点NZ envy apple：苹果让味道有内容，分量和满足感也比较适合日常解决一餐。","a87424e3b132b86522a8f254"
"2","Sitrus盛果庄 Fruit store","BELL","5","China Sweat Tangerine中国小甜橘","8","人上人","1","2","风味平衡","[示例评价] China Sweat Tangerine中国小甜橘把甜味的味道收得比较平衡，不会只剩单一的咸或甜；喜欢清爽口味的话可以少加酱汁。","fc3cf53642a2d85c6501ee8d"
"2","Sitrus盛果庄 Fruit store","BELL","5","China Sweat Tangerine中国小甜橘","6","拉完了","2","3","口感变化","[示例评价] 这道China Sweat Tangerine中国小甜橘有意思的地方在口感变化：甜味带来不同的咀嚼感，慢慢吃比急着吞更能尝出细节。","962379d721f4e387f45c5a54"
"2","Sitrus盛果庄 Fruit store","BELL","6","Egypt lemon埃及柠檬","10","夯爆了","1","6","收尾回味","[示例评价] 咽下去以后还能留住一点整体风味的回味，Egypt lemon埃及柠檬不是只靠第一口取胜，后段味道也有记忆点。","3aa83f97a607d8e7cb553932"
"2","Sitrus盛果庄 Fruit store","BELL","6","Egypt lemon埃及柠檬","6","拉完了","2","7","日常满足","[示例评价] 想吃得踏实的时候可以点Egypt lemon埃及柠檬：整体风味让味道有内容，分量和满足感也比较适合日常解决一餐。","17022d9d7a8a5086f8cdb210"
"3","兰州拉面","D6","59","兰州牛肉面/Traditional beef noodle soup","9","顶级","1","10","复购判断","[示例评价] 这道兰州牛肉面/Traditional beef noodle soup的优点是牛肉、面条、汤各有分工，吃完不会觉得味道散；如果这次合口味，下次还会想再点。","be4c275e4009994b40f5cd00"
"3","兰州拉面","D6","59","兰州牛肉面/Traditional beef noodle soup","10","夯爆了","2","1","第一口印象","[示例评价] 第一口先尝到牛肉、面条、汤的味道，层次很清楚；兰州牛肉面/Traditional beef noodle soup适合趁热吃，香气会更完整。","b4f57d409748bc8092907759"
"3","兰州拉面","D6","549","Tomato and Egg Noodles","10","夯爆了","1","6","收尾回味","[示例评价] 咽下去以后还能留住一点鸡蛋、番茄、面条的回味，Tomato and Egg Noodles不是只靠第一口取胜，后段味道也有记忆点。","4efcc8da8a8c19b6f25bad4e"
"3","兰州拉面","D6","549","Tomato and Egg Noodles","7","NPC","2","7","日常满足","[示例评价] 想吃得踏实的时候可以点Tomato and Egg Noodles：鸡蛋、番茄、面条让味道有内容，分量和满足感也比较适合日常解决一餐。","02008f23706e4ffdaf45479a"
"3","兰州拉面","D6","550","Lanzhou Vegetable Noodles","7","NPC","1","10","复购判断","[示例评价] 这道Lanzhou Vegetable Noodles的优点是面条各有分工，吃完不会觉得味道散；如果这次合口味，下次还会想再点。","5de81d18996d72f9c851a7e4"
"3","兰州拉面","D6","550","Lanzhou Vegetable Noodles","10","夯爆了","2","1","第一口印象","[示例评价] 第一口先尝到面条的味道，层次很清楚；Lanzhou Vegetable Noodles适合趁热吃，香气会更完整。","8dbf6753557be650c0a5f89b"
"3","兰州拉面","D6","551","Xinjiang Chicken Noodles","8","人上人","1","6","收尾回味","[示例评价] 咽下去以后还能留住一点鸡肉、面条的回味，Xinjiang Chicken Noodles不是只靠第一口取胜，后段味道也有记忆点。","53e288a034cef259c5d2dd81"
"3","兰州拉面","D6","551","Xinjiang Chicken Noodles","10","夯爆了","2","7","日常满足","[示例评价] 想吃得踏实的时候可以点Xinjiang Chicken Noodles：鸡肉、面条让味道有内容，分量和满足感也比较适合日常解决一餐。","4aba5d28b248bcaaf24c8731"
"3","兰州拉面","D6","552","Cumin Meat Noodles","6","拉完了","1","6","收尾回味","[示例评价] 咽下去以后还能留住一点面条的回味，Cumin Meat Noodles不是只靠第一口取胜，后段味道也有记忆点。","dcea66e078471377a8e91c4a"
"3","兰州拉面","D6","552","Cumin Meat Noodles","9","顶级","2","7","日常满足","[示例评价] 想吃得踏实的时候可以点Cumin Meat Noodles：面条让味道有内容，分量和满足感也比较适合日常解决一餐。","75450824fd1fc88abe5faeb5"
"4","大树下Chinese Cusine","D6","60","Guobao meat","10","夯爆了","1","6","收尾回味","[示例评价] 咽下去以后还能留住一点整体风味的回味，Guobao meat不是只靠第一口取胜，后段味道也有记忆点。","1ad48044375830b187336833"
"4","大树下Chinese Cusine","D6","60","Guobao meat","9","顶级","2","7","日常满足","[示例评价] 想吃得踏实的时候可以点Guobao meat：整体风味让味道有内容，分量和满足感也比较适合日常解决一餐。","86419a6bed518f9eb488eb4e"
"4","大树下Chinese Cusine","D6","61","Chicken popcorn","7","NPC","1","10","复购判断","[示例评价] 这道Chicken popcorn的优点是鸡肉、玉米各有分工，吃完不会觉得味道散；如果这次合口味，下次还会想再点。","5c9956807e9aea5881178847"
"4","大树下Chinese Cusine","D6","61","Chicken popcorn","10","夯爆了","2","1","第一口印象","[示例评价] 第一口先尝到鸡肉、玉米的味道，层次很清楚；Chicken popcorn适合趁热吃，香气会更完整。","c6cfea406df9bbc7051ab953"
"4","大树下Chinese Cusine","D6","63","Honey Chicken Tenders","6","拉完了","1","6","收尾回味","[示例评价] 咽下去以后还能留住一点鸡肉的回味，Honey Chicken Tenders不是只靠第一口取胜，后段味道也有记忆点。","0adc108d05d24f33b4f72baa"
"4","大树下Chinese Cusine","D6","63","Honey Chicken Tenders","6","拉完了","2","7","日常满足","[示例评价] 想吃得踏实的时候可以点Honey Chicken Tenders：鸡肉让味道有内容，分量和满足感也比较适合日常解决一餐。","6ec65cfb40c9771be8358fe2"
"4","大树下Chinese Cusine","D6","64","Spicy and sour shredded potatoes","8","人上人","1","8","口味建议","[示例评价] 如果平时喜欢土豆、辣味，这道Spicy and sour shredded potatoes值得试试；怕重口的话先从少辣、少酱开始，更容易吃到原本的味道。","f79d02097f1c9900b8a3704f"
"4","大树下Chinese Cusine","D6","64","Spicy and sour shredded potatoes","8","人上人","2","9","场景感受","[示例评价] 一个人吃Spicy and sour shredded potatoes很顺手，和朋友分着吃也不会无聊；土豆、辣味的味道够明确，聊天间隙也能吃出滋味。","48f8608d610f509dfcd7afc2"
"4","大树下Chinese Cusine","D6","65","Typhoon Shelter Fried Chicken","7","NPC","1","5","食材搭配","[示例评价] 从鸡肉、酥脆口感的搭配看，食材之间没有互相抢味，Typhoon Shelter Fried Chicken吃起来有自己的重点，配一杯清饮会更舒服。","a198780dc93ba2b7ef461921"
"4","大树下Chinese Cusine","D6","65","Typhoon Shelter Fried Chicken","6","拉完了","2","6","收尾回味","[示例评价] 咽下去以后还能留住一点鸡肉、酥脆口感的回味，Typhoon Shelter Fried Chicken不是只靠第一口取胜，后段味道也有记忆点。","6cb6501ed7be172047270862"
"5","momoyo","D6","208","Vanilla","6","拉完了","1","7","日常满足","[示例评价] 想吃得踏实的时候可以点Vanilla：甜味让味道有内容，分量和满足感也比较适合日常解决一餐。","5e3108a25e6d361969957717"
"5","momoyo","D6","208","Vanilla","9","顶级","2","8","口味建议","[示例评价] 如果平时喜欢甜味，这道Vanilla值得试试；怕重口的话先从少辣、少酱开始，更容易吃到原本的味道。","f6dc2c9f1bbb840424e4b2f1"
"5","momoyo","D6","209","Choco","8","人上人","1","8","口味建议","[示例评价] 如果平时喜欢甜味，这道Choco值得试试；怕重口的话先从少辣、少酱开始，更容易吃到原本的味道。","8087f1216b31ea44d7adb11b"
"5","momoyo","D6","209","Choco","7","NPC","2","9","场景感受","[示例评价] 一个人吃Choco很顺手，和朋友分着吃也不会无聊；甜味的味道够明确，聊天间隙也能吃出滋味。","8b36685fa547d1aab085e1d9"
"5","momoyo","D6","210","DINO","9","顶级","1","4","香气表现","[示例评价] 端上来时甜味的香气很先声夺人，入口后味道也跟得上；作为一餐里的主角很合适。","7363dd0d6293e7cdae5c5c5d"
"5","momoyo","D6","210","DINO","8","人上人","2","5","食材搭配","[示例评价] 从甜味的搭配看，食材之间没有互相抢味，DINO吃起来有自己的重点，配一杯清饮会更舒服。","ff2263ac818878712db7233e"
"5","momoyo","D6","211","Brown Sugar Boba Sundae","8","人上人","1","6","收尾回味","[示例评价] 咽下去以后还能留住一点整体风味的回味，Brown Sugar Boba Sundae不是只靠第一口取胜，后段味道也有记忆点。","2ab535abf267512a0f60ea03"
"5","momoyo","D6","211","Brown Sugar Boba Sundae","9","顶级","2","7","日常满足","[示例评价] 想吃得踏实的时候可以点Brown Sugar Boba Sundae：整体风味让味道有内容，分量和满足感也比较适合日常解决一餐。","08588114e18b13de78f14b59"
"5","momoyo","D6","212","Oreo Sundae","7","NPC","1","8","口味建议","[示例评价] 如果平时喜欢整体风味，这道Oreo Sundae值得试试；怕重口的话先从少辣、少酱开始，更容易吃到原本的味道。","e486815b132da5397889df26"
"5","momoyo","D6","212","Oreo Sundae","10","夯爆了","2","9","场景感受","[示例评价] 一个人吃Oreo Sundae很顺手，和朋友分着吃也不会无聊；整体风味的味道够明确，聊天间隙也能吃出滋味。","36f44259c66627ab12752c94"
"6","Thaitora","D6","199","Waffles (Choose any two flavors: chocolate /peanut/butter/ kaya/strawberry jam/blueberry jam)","6","拉完了","1","8","口味建议","[示例评价] 如果平时喜欢草莓、甜味，这道Waffles (Choose any two flavors: chocolate /peanut/butter/ kaya/strawberry jam/blueberry jam)值得试试；怕重口的话先从少辣、少酱开始，更容易吃到原本的味道。","f342b3651992c32ca968d7e1"
"6","Thaitora","D6","199","Waffles (Choose any two flavors: chocolate /peanut/butter/ kaya/strawberry jam/blueberry jam)","8","人上人","2","9","场景感受","[示例评价] 一个人吃Waffles (Choose any two flavors: chocolate /peanut/butter/ kaya/strawberry jam/blueberry jam)很顺手，和朋友分着吃也不会无聊；草莓、甜味的味道够明确，聊天间隙也能吃出滋味。","976b4e59d7093da4f3454f12"
"6","Thaitora","D6","200","Set meal drinks","9","顶级","1","8","口味建议","[示例评价] 如果平时喜欢整体风味，这道Set meal drinks值得试试；怕重口的话先从少辣、少酱开始，更容易吃到原本的味道。","3b6d75486b332f5f929d150d"
"6","Thaitora","D6","200","Set meal drinks","9","顶级","2","9","场景感受","[示例评价] 一个人吃Set meal drinks很顺手，和朋友分着吃也不会无聊；整体风味的味道够明确，聊天间隙也能吃出滋味。","60b7f6bdbce94ae2d359d9eb"
"6","Thaitora","D6","201","Thai meatball rice","8","人上人","1","4","香气表现","[示例评价] 端上来时鸡蛋、米饭的香气很先声夺人，入口后味道也跟得上；作为一餐里的主角很合适。","ba516530cdca674d6eb5e42a"
"6","Thaitora","D6","201","Thai meatball rice","7","NPC","2","5","食材搭配","[示例评价] 从鸡蛋、米饭的搭配看，食材之间没有互相抢味，Thai meatball rice吃起来有自己的重点，配一杯清饮会更舒服。","87e5a213ba7aa9dc3b79fb57"
"6","Thaitora","D6","202","Thai Super Rice Noodles (Chicken)","6","拉完了","1","9","场景感受","[示例评价] 一个人吃Thai Super Rice Noodles (Chicken)很顺手，和朋友分着吃也不会无聊；鸡肉、面条、米饭的味道够明确，聊天间隙也能吃出滋味。","3ee66a92b2b701705b6882d9"
"6","Thaitora","D6","202","Thai Super Rice Noodles (Chicken)","8","人上人","2","10","复购判断","[示例评价] 这道Thai Super Rice Noodles (Chicken)的优点是鸡肉、面条、米饭各有分工，吃完不会觉得味道散；如果这次合口味，下次还会想再点。","cefefd337e54832b2deee845"
"6","Thaitora","D6","203","Thai fried egg rice","9","顶级","1","6","收尾回味","[示例评价] 咽下去以后还能留住一点鸡蛋、米饭、酥脆口感的回味，Thai fried egg rice不是只靠第一口取胜，后段味道也有记忆点。","3c59dafa53067361982579dd"
"6","Thaitora","D6","203","Thai fried egg rice","9","顶级","2","7","日常满足","[示例评价] 想吃得踏实的时候可以点Thai fried egg rice：鸡蛋、米饭、酥脆口感让味道有内容，分量和满足感也比较适合日常解决一餐。","3c4daf163b062dbfa0b968b0"
"7","Boyaxuan Restaurant","other","87","Rice","10","夯爆了","1","10","复购判断","[示例评价] 这道Rice的优点是米饭各有分工，吃完不会觉得味道散；如果这次合口味，下次还会想再点。","8c93714a3b35f21b127b8879"
"7","Boyaxuan Restaurant","other","87","Rice","10","夯爆了","2","1","第一口印象","[示例评价] 第一口先尝到米饭的味道，层次很清楚；Rice适合趁热吃，香气会更完整。","ad39056717dff5526580ad9f"
"7","Boyaxuan Restaurant","other","88","Crispy Fried Peanuts","10","夯爆了","1","5","食材搭配","[示例评价] 从酥脆口感的搭配看，食材之间没有互相抢味，Crispy Fried Peanuts吃起来有自己的重点，配一杯清饮会更舒服。","6341dba84e4fe077a8b7e985"
"7","Boyaxuan Restaurant","other","88","Crispy Fried Peanuts","9","顶级","2","6","收尾回味","[示例评价] 咽下去以后还能留住一点酥脆口感的回味，Crispy Fried Peanuts不是只靠第一口取胜，后段味道也有记忆点。","2f891c3ae4229bf8992e8a2e"
"7","Boyaxuan Restaurant","other","89","Winter Melon Pastry & Seafood Roll","6","拉完了","1","7","日常满足","[示例评价] 想吃得踏实的时候可以点Winter Melon Pastry & Seafood Roll：整体风味让味道有内容，分量和满足感也比较适合日常解决一餐。","0d2d02673bd55e50c2b6937e"
"7","Boyaxuan Restaurant","other","89","Winter Melon Pastry & Seafood Roll","7","NPC","2","8","口味建议","[示例评价] 如果平时喜欢整体风味，这道Winter Melon Pastry & Seafood Roll值得试试；怕重口的话先从少辣、少酱开始，更容易吃到原本的味道。","13333128ed98b66c98f0c4dd"
"7","Boyaxuan Restaurant","other","90","Spicy Mala Sausage","6","拉完了","1","1","第一口印象","[示例评价] 第一口先尝到辣味的味道，层次很清楚；Spicy Mala Sausage适合趁热吃，香气会更完整。","e11cd2c519f067ce67ced592"
"7","Boyaxuan Restaurant","other","90","Spicy Mala Sausage","6","拉完了","2","2","风味平衡","[示例评价] Spicy Mala Sausage把辣味的味道收得比较平衡，不会只剩单一的咸或甜；喜欢清爽口味的话可以少加酱汁。","3b97ce5a7f3199ec0ed613b2"
"7","Boyaxuan Restaurant","other","91","Cantonese Sausage","9","顶级","1","4","香气表现","[示例评价] 端上来时整体风味的香气很先声夺人，入口后味道也跟得上；作为一餐里的主角很合适。","9c8633b46cb7b0e8c1e901a9"
"7","Boyaxuan Restaurant","other","91","Cantonese Sausage","7","NPC","2","5","食材搭配","[示例评价] 从整体风味的搭配看，食材之间没有互相抢味，Cantonese Sausage吃起来有自己的重点，配一杯清饮会更舒服。","118c39e8e8b1768031b5beb0"
"8","Restea","B1","324","Island Tuna","7","NPC","1","4","香气表现","[示例评价] 端上来时鱼肉、披萨的香气很先声夺人，入口后味道也跟得上；作为一餐里的主角很合适。","b7ac26574c516b262ac53cc6"
"8","Restea","B1","324","Island Tuna","9","顶级","2","5","食材搭配","[示例评价] 从鱼肉、披萨的搭配看，食材之间没有互相抢味，Island Tuna吃起来有自己的重点，配一杯清饮会更舒服。","a04a5e22936c75a9836623df"
"8","Restea","B1","325","Alwaha Chicken","6","拉完了","1","9","场景感受","[示例评价] 一个人吃Alwaha Chicken很顺手，和朋友分着吃也不会无聊；鸡肉、披萨的味道够明确，聊天间隙也能吃出滋味。","b92347720c418a8c009d886f"
"8","Restea","B1","325","Alwaha Chicken","10","夯爆了","2","10","复购判断","[示例评价] 这道Alwaha Chicken的优点是鸡肉、披萨各有分工，吃完不会觉得味道散；如果这次合口味，下次还会想再点。","86746eb95888da98afc89b9f"
"8","Restea","B1","326","Restea Chicken Pizza","10","夯爆了","1","5","食材搭配","[示例评价] 从鸡肉、茶、披萨的搭配看，食材之间没有互相抢味，Restea Chicken Pizza吃起来有自己的重点，配一杯清饮会更舒服。","2c0763e1c8893c93758dadd0"
"8","Restea","B1","326","Restea Chicken Pizza","6","拉完了","2","6","收尾回味","[示例评价] 咽下去以后还能留住一点鸡肉、茶、披萨的回味，Restea Chicken Pizza不是只靠第一口取胜，后段味道也有记忆点。","35b611fa6df13b4cd569197d"
"8","Restea","B1","327","Restea Beef Pizza","8","人上人","1","9","场景感受","[示例评价] 一个人吃Restea Beef Pizza很顺手，和朋友分着吃也不会无聊；牛肉、茶、披萨的味道够明确，聊天间隙也能吃出滋味。","326bf43ec998c59cfa4557d3"
"8","Restea","B1","327","Restea Beef Pizza","7","NPC","2","10","复购判断","[示例评价] 这道Restea Beef Pizza的优点是牛肉、茶、披萨各有分工，吃完不会觉得味道散；如果这次合口味，下次还会想再点。","5c399a0eaa0fa367d6c307aa"
"8","Restea","B1","328","Beef Pepperoni","9","顶级","1","5","食材搭配","[示例评价] 从牛肉、披萨、辣味的搭配看，食材之间没有互相抢味，Beef Pepperoni吃起来有自己的重点，配一杯清饮会更舒服。","d67d9706714c7a14ec099aa2"
"8","Restea","B1","328","Beef Pepperoni","10","夯爆了","2","6","收尾回味","[示例评价] 咽下去以后还能留住一点牛肉、披萨、辣味的回味，Beef Pepperoni不是只靠第一口取胜，后段味道也有记忆点。","456d1206de8262d361b108c6"
"9","Zuscoffee","other","446","Classic Donut","7","NPC","1","7","日常满足","[示例评价] 想吃得踏实的时候可以点Classic Donut：米饭、甜味让味道有内容，分量和满足感也比较适合日常解决一餐。","856567b3429052df31b87eb3"
"9","Zuscoffee","other","446","Classic Donut","6","拉完了","2","8","口味建议","[示例评价] 如果平时喜欢米饭、甜味，这道Classic Donut值得试试；怕重口的话先从少辣、少酱开始，更容易吃到原本的味道。","15e9091d412905fb1a31f836"
"9","Zuscoffee","other","447","Butter Croissant","8","人上人","1","1","第一口印象","[示例评价] 第一口先尝到整体风味的味道，层次很清楚；Butter Croissant适合趁热吃，香气会更完整。","db309100125f30b5f8a0c509"
"9","Zuscoffee","other","447","Butter Croissant","8","人上人","2","2","风味平衡","[示例评价] Butter Croissant把整体风味的味道收得比较平衡，不会只剩单一的咸或甜；喜欢清爽口味的话可以少加酱汁。","883a2b3fdfdd8e1202e76518"
"9","Zuscoffee","other","448","Mushroom Melt Sandwich","7","NPC","1","6","收尾回味","[示例评价] 咽下去以后还能留住一点蘑菇的回味，Mushroom Melt Sandwich不是只靠第一口取胜，后段味道也有记忆点。","32d645dfec14ee3d9c78de8d"
"9","Zuscoffee","other","448","Mushroom Melt Sandwich","7","NPC","2","7","日常满足","[示例评价] 想吃得踏实的时候可以点Mushroom Melt Sandwich：蘑菇让味道有内容，分量和满足感也比较适合日常解决一餐。","14d5295a1e068d49192b3f67"
"9","Zuscoffee","other","449","Chicken Slice & Cheese Croissant","6","拉完了","1","7","日常满足","[示例评价] 想吃得踏实的时候可以点Chicken Slice & Cheese Croissant：鸡肉让味道有内容，分量和满足感也比较适合日常解决一餐。","6752eacac0d079215706a439"
"9","Zuscoffee","other","449","Chicken Slice & Cheese Croissant","9","顶级","2","8","口味建议","[示例评价] 如果平时喜欢鸡肉，这道Chicken Slice & Cheese Croissant值得试试；怕重口的话先从少辣、少酱开始，更容易吃到原本的味道。","750fed9089a7bc48aa42810c"
"9","Zuscoffee","other","450","Big Brekkie Croissant","7","NPC","1","4","香气表现","[示例评价] 端上来时整体风味的香气很先声夺人，入口后味道也跟得上；作为一餐里的主角很合适。","53bab52d21ef6c4d2114c203"
"9","Zuscoffee","other","450","Big Brekkie Croissant","7","NPC","2","5","食材搭配","[示例评价] 从整体风味的搭配看，食材之间没有互相抢味，Big Brekkie Croissant吃起来有自己的重点，配一杯清饮会更舒服。","9d6ddbaa5fe2462d0ad42b6a"
"10","蜀之味ShuZhiWei","D6","474","Beef","10","夯爆了","1","8","口味建议","[示例评价] 如果平时喜欢牛肉，这道Beef值得试试；怕重口的话先从少辣、少酱开始，更容易吃到原本的味道。","62ecab2c3a81972a683b0ffa"
"10","蜀之味ShuZhiWei","D6","474","Beef","10","夯爆了","2","9","场景感受","[示例评价] 一个人吃Beef很顺手，和朋友分着吃也不会无聊；牛肉的味道够明确，聊天间隙也能吃出滋味。","a01777655e9d31473aec733a"
"10","蜀之味ShuZhiWei","D6","475","Pork Intestine","10","夯爆了","1","2","风味平衡","[示例评价] Pork Intestine把猪肉的味道收得比较平衡，不会只剩单一的咸或甜；喜欢清爽口味的话可以少加酱汁。","3edb41206297edb1eb0f4d6c"
"10","蜀之味ShuZhiWei","D6","475","Pork Intestine","10","夯爆了","2","3","口感变化","[示例评价] 这道Pork Intestine有意思的地方在口感变化：猪肉带来不同的咀嚼感，慢慢吃比急着吞更能尝出细节。","10f299d2723ef35c6e82019d"
"10","蜀之味ShuZhiWei","D6","476","Spare Ribs","7","NPC","1","2","风味平衡","[示例评价] Spare Ribs把整体风味的味道收得比较平衡，不会只剩单一的咸或甜；喜欢清爽口味的话可以少加酱汁。","57da7e7066770f443d1de2a4"
"10","蜀之味ShuZhiWei","D6","476","Spare Ribs","8","人上人","2","3","口感变化","[示例评价] 这道Spare Ribs有意思的地方在口感变化：整体风味带来不同的咀嚼感，慢慢吃比急着吞更能尝出细节。","f38e2c51bd734221119837f7"
"10","蜀之味ShuZhiWei","D6","477","Rice","8","人上人","1","1","第一口印象","[示例评价] 第一口先尝到米饭的味道，层次很清楚；Rice适合趁热吃，香气会更完整。","83d23d40edd199b22fe90902"
"10","蜀之味ShuZhiWei","D6","477","Rice","8","人上人","2","2","风味平衡","[示例评价] Rice把米饭的味道收得比较平衡，不会只剩单一的咸或甜；喜欢清爽口味的话可以少加酱汁。","ad6744db22fa23f088ac646a"
"10","蜀之味ShuZhiWei","D6","478","Fried Egg","10","夯爆了","1","6","收尾回味","[示例评价] 咽下去以后还能留住一点鸡蛋、酥脆口感的回味，Fried Egg不是只靠第一口取胜，后段味道也有记忆点。","8646ea957f12b7ffd478a38e"
"10","蜀之味ShuZhiWei","D6","478","Fried Egg","9","顶级","2","7","日常满足","[示例评价] 想吃得踏实的时候可以点Fried Egg：鸡蛋、酥脆口感让味道有内容，分量和满足感也比较适合日常解决一餐。","59559538cd4b34a99e622ae7"
"11","海南鸡饭Hainan Chicken Rice","D6","525","Roasted Chicken Rice","7","NPC","1","5","食材搭配","[示例评价] 从鸡肉、米饭、烤制香气的搭配看，食材之间没有互相抢味，Roasted Chicken Rice吃起来有自己的重点，配一杯清饮会更舒服。","3b2e93c8d4f3c3e816a25eed"
"11","海南鸡饭Hainan Chicken Rice","D6","525","Roasted Chicken Rice","6","拉完了","2","6","收尾回味","[示例评价] 咽下去以后还能留住一点鸡肉、米饭、烤制香气的回味，Roasted Chicken Rice不是只靠第一口取胜，后段味道也有记忆点。","b51dbd2c03cf0e1a4d01a1fa"
"11","海南鸡饭Hainan Chicken Rice","D6","526","Steam Chicken Rice","8","人上人","1","4","香气表现","[示例评价] 端上来时鸡肉、米饭、茶的香气很先声夺人，入口后味道也跟得上；作为一餐里的主角很合适。","d68334c93172193315f7ada4"
"11","海南鸡饭Hainan Chicken Rice","D6","526","Steam Chicken Rice","9","顶级","2","5","食材搭配","[示例评价] 从鸡肉、米饭、茶的搭配看，食材之间没有互相抢味，Steam Chicken Rice吃起来有自己的重点，配一杯清饮会更舒服。","dcd86a63f6bcf704b88714ab"
"11","海南鸡饭Hainan Chicken Rice","D6","527","Roasted Duck Rice","7","NPC","1","8","口味建议","[示例评价] 如果平时喜欢鸭肉、米饭、烤制香气，这道Roasted Duck Rice值得试试；怕重口的话先从少辣、少酱开始，更容易吃到原本的味道。","f4eb0ae3c43321dfc905b6ee"
"11","海南鸡饭Hainan Chicken Rice","D6","527","Roasted Duck Rice","10","夯爆了","2","9","场景感受","[示例评价] 一个人吃Roasted Duck Rice很顺手，和朋友分着吃也不会无聊；鸭肉、米饭、烤制香气的味道够明确，聊天间隙也能吃出滋味。","4baecfa63e002d6815f8ac92"
"11","海南鸡饭Hainan Chicken Rice","D6","528","Roasted/Steam Chicken Drumstick Rice","10","夯爆了","1","3","口感变化","[示例评价] 这道Roasted/Steam Chicken Drumstick Rice有意思的地方在口感变化：鸡肉、米饭、茶、烤制香气带来不同的咀嚼感，慢慢吃比急着吞更能尝出细节。","3d6fa7bcb5156a5d0111abd8"
"11","海南鸡饭Hainan Chicken Rice","D6","528","Roasted/Steam Chicken Drumstick Rice","8","人上人","2","4","香气表现","[示例评价] 端上来时鸡肉、米饭、茶、烤制香气的香气很先声夺人，入口后味道也跟得上；作为一餐里的主角很合适。","d97901d3b1b1df99b361caae"
"11","海南鸡饭Hainan Chicken Rice","D6","529","Char Siew Rice","8","人上人","1","6","收尾回味","[示例评价] 咽下去以后还能留住一点猪肉、米饭的回味，Char Siew Rice不是只靠第一口取胜，后段味道也有记忆点。","e7e948bbc6156516c33cddb4"
"11","海南鸡饭Hainan Chicken Rice","D6","529","Char Siew Rice","10","夯爆了","2","7","日常满足","[示例评价] 想吃得踏实的时候可以点Char Siew Rice：猪肉、米饭让味道有内容，分量和满足感也比较适合日常解决一餐。","870e20fe4183ca28da3684cd"
"12","Thumbsup大拇指","D6","575","Japanese Curry Udon with Vegetable Carrot Chicken","9","顶级","1","8","口味建议","[示例评价] 如果平时喜欢鸡肉、面条、米饭、辣味，这道Japanese Curry Udon with Vegetable Carrot Chicken值得试试；怕重口的话先从少辣、少酱开始，更容易吃到原本的味道。","36a208c4028a319dd315ed34"
"12","Thumbsup大拇指","D6","575","Japanese Curry Udon with Vegetable Carrot Chicken","8","人上人","2","9","场景感受","[示例评价] 一个人吃Japanese Curry Udon with Vegetable Carrot Chicken很顺手，和朋友分着吃也不会无聊；鸡肉、面条、米饭、辣味的味道够明确，聊天间隙也能吃出滋味。","0e6bdaf4fe5811bb5eb3800b"
"12","Thumbsup大拇指","D6","576","Japanese Curry Vegetable Carrot Chicken with Marinara Spaghetti","7","NPC","1","10","复购判断","[示例评价] 这道Japanese Curry Vegetable Carrot Chicken with Marinara Spaghetti的优点是鸡肉、面条、辣味各有分工，吃完不会觉得味道散；如果这次合口味，下次还会想再点。","cb2cb890c5e9508ae431d839"
"12","Thumbsup大拇指","D6","576","Japanese Curry Vegetable Carrot Chicken with Marinara Spaghetti","9","顶级","2","1","第一口印象","[示例评价] 第一口先尝到鸡肉、面条、辣味的味道，层次很清楚；Japanese Curry Vegetable Carrot Chicken with Marinara Spaghetti适合趁热吃，香气会更完整。","c4054fbc27daec3aa97c44c3"
"12","Thumbsup大拇指","D6","577","Japanese Curry Vegetable Carrot Chicken with Marinaro Spaghetti","10","夯爆了","1","9","场景感受","[示例评价] 一个人吃Japanese Curry Vegetable Carrot Chicken with Marinaro Spaghetti很顺手，和朋友分着吃也不会无聊；鸡肉、面条、辣味的味道够明确，聊天间隙也能吃出滋味。","8f8a96ecf85787c0a76d99fe"
"12","Thumbsup大拇指","D6","577","Japanese Curry Vegetable Carrot Chicken with Marinaro Spaghetti","7","NPC","2","10","复购判断","[示例评价] 这道Japanese Curry Vegetable Carrot Chicken with Marinaro Spaghetti的优点是鸡肉、面条、辣味各有分工，吃完不会觉得味道散；如果这次合口味，下次还会想再点。","557467811265f871194a405c"
"12","Thumbsup大拇指","D6","578","Japanese Curry Udon with Sausage","8","人上人","1","10","复购判断","[示例评价] 这道Japanese Curry Udon with Sausage的优点是面条、米饭、辣味各有分工，吃完不会觉得味道散；如果这次合口味，下次还会想再点。","4c06bedf959a8bb277c7fcd6"
"12","Thumbsup大拇指","D6","578","Japanese Curry Udon with Sausage","7","NPC","2","1","第一口印象","[示例评价] 第一口先尝到面条、米饭、辣味的味道，层次很清楚；Japanese Curry Udon with Sausage适合趁热吃，香气会更完整。","a15277d62a09c4a1f314692e"
"12","Thumbsup大拇指","D6","579","Japanese Curry Udon with Gyoza","8","人上人","1","4","香气表现","[示例评价] 端上来时面条、米饭、辣味的香气很先声夺人，入口后味道也跟得上；作为一餐里的主角很合适。","cb4f14c46efe6a689dd61531"
"12","Thumbsup大拇指","D6","579","Japanese Curry Udon with Gyoza","10","夯爆了","2","5","食材搭配","[示例评价] 从面条、米饭、辣味的搭配看，食材之间没有互相抢味，Japanese Curry Udon with Gyoza吃起来有自己的重点，配一杯清饮会更舒服。","8ae13c5c5d8ce8433c58ca9e"
"13","回味面馆Simple delicious noodles","D6","594","Braised Pork Handmade Noodles","8","人上人","1","5","食材搭配","[示例评价] 从猪肉、面条的搭配看，食材之间没有互相抢味，Braised Pork Handmade Noodles吃起来有自己的重点，配一杯清饮会更舒服。","10e9c32011558bad1380e738"
"13","回味面馆Simple delicious noodles","D6","594","Braised Pork Handmade Noodles","7","NPC","2","6","收尾回味","[示例评价] 咽下去以后还能留住一点猪肉、面条的回味，Braised Pork Handmade Noodles不是只靠第一口取胜，后段味道也有记忆点。","b33c4611959e686930217ac4"
"13","回味面馆Simple delicious noodles","D6","595","Handmade Noodles with Dumplings (Dry)","8","人上人","1","1","第一口印象","[示例评价] 第一口先尝到面条的味道，层次很清楚；Handmade Noodles with Dumplings (Dry)适合趁热吃，香气会更完整。","aca3be2ffa474cba09f038dc"
"13","回味面馆Simple delicious noodles","D6","595","Handmade Noodles with Dumplings (Dry)","7","NPC","2","2","风味平衡","[示例评价] Handmade Noodles with Dumplings (Dry)把面条的味道收得比较平衡，不会只剩单一的咸或甜；喜欢清爽口味的话可以少加酱汁。","ab3792e5441f22b1d2845ed4"
"13","回味面馆Simple delicious noodles","D6","596","Handmade Noodles with Dumplings (Soup)","7","NPC","1","2","风味平衡","[示例评价] Handmade Noodles with Dumplings (Soup)把面条、汤的味道收得比较平衡，不会只剩单一的咸或甜；喜欢清爽口味的话可以少加酱汁。","e49e26db059335fe434d0a30"
"13","回味面馆Simple delicious noodles","D6","596","Handmade Noodles with Dumplings (Soup)","9","顶级","2","3","口感变化","[示例评价] 这道Handmade Noodles with Dumplings (Soup)有意思的地方在口感变化：面条、汤带来不同的咀嚼感，慢慢吃比急着吞更能尝出细节。","df99b224abc6e88d1849a7af"
"13","回味面馆Simple delicious noodles","D6","597","Handmade Noodles with Meatballs (Dry)","9","顶级","1","7","日常满足","[示例评价] 想吃得踏实的时候可以点Handmade Noodles with Meatballs (Dry)：猪肉、面条让味道有内容，分量和满足感也比较适合日常解决一餐。","02ece7b3fc6b411d52a802e4"
"13","回味面馆Simple delicious noodles","D6","597","Handmade Noodles with Meatballs (Dry)","7","NPC","2","8","口味建议","[示例评价] 如果平时喜欢猪肉、面条，这道Handmade Noodles with Meatballs (Dry)值得试试；怕重口的话先从少辣、少酱开始，更容易吃到原本的味道。","5fd152f3dd2f9775f5e439ae"
"13","回味面馆Simple delicious noodles","D6","598","Handmade Noodles with Meatballs (Soup)","9","顶级","1","10","复购判断","[示例评价] 这道Handmade Noodles with Meatballs (Soup)的优点是猪肉、面条、汤各有分工，吃完不会觉得味道散；如果这次合口味，下次还会想再点。","fb831741717966e8c3f394c4"
"13","回味面馆Simple delicious noodles","D6","598","Handmade Noodles with Meatballs (Soup)","7","NPC","2","1","第一口印象","[示例评价] 第一口先尝到猪肉、面条、汤的味道，层次很清楚；Handmade Noodles with Meatballs (Soup)适合趁热吃，香气会更完整。","ecd8f48d32d070da60260217"
"14","五指山Five fingers","D6","637","Kimchi Ramyeon with Egg","7","NPC","1","5","食材搭配","[示例评价] 从鸡蛋、面条的搭配看，食材之间没有互相抢味，Kimchi Ramyeon with Egg吃起来有自己的重点，配一杯清饮会更舒服。","2082917683cc890c4a11b167"
"14","五指山Five fingers","D6","637","Kimchi Ramyeon with Egg","8","人上人","2","6","收尾回味","[示例评价] 咽下去以后还能留住一点鸡蛋、面条的回味，Kimchi Ramyeon with Egg不是只靠第一口取胜，后段味道也有记忆点。","11d2aa2e057db847711d4a55"
"14","五指山Five fingers","D6","638","Kimchi Ramyeon with Fried Chicken","10","夯爆了","1","10","复购判断","[示例评价] 这道Kimchi Ramyeon with Fried Chicken的优点是鸡肉、面条、酥脆口感各有分工，吃完不会觉得味道散；如果这次合口味，下次还会想再点。","b6877c39fbcb9b7f62dd3c0a"
"14","五指山Five fingers","D6","638","Kimchi Ramyeon with Fried Chicken","7","NPC","2","1","第一口印象","[示例评价] 第一口先尝到鸡肉、面条、酥脆口感的味道，层次很清楚；Kimchi Ramyeon with Fried Chicken适合趁热吃，香气会更完整。","07f3043e6abbe1ec783083b1"
"14","五指山Five fingers","D6","639","Kimchi Ramyeon with Vegetarian Chicken","8","人上人","1","6","收尾回味","[示例评价] 咽下去以后还能留住一点鸡肉、面条的回味，Kimchi Ramyeon with Vegetarian Chicken不是只靠第一口取胜，后段味道也有记忆点。","6f3c5abef5bd8ca04d6fce21"
"14","五指山Five fingers","D6","639","Kimchi Ramyeon with Vegetarian Chicken","9","顶级","2","7","日常满足","[示例评价] 想吃得踏实的时候可以点Kimchi Ramyeon with Vegetarian Chicken：鸡肉、面条让味道有内容，分量和满足感也比较适合日常解决一餐。","afa8f55cd40ee64dc98c89d4"
"14","五指山Five fingers","D6","640","Buldak Spicy Ramyeon with Egg","10","夯爆了","1","4","香气表现","[示例评价] 端上来时鸡蛋、面条、辣味的香气很先声夺人，入口后味道也跟得上；作为一餐里的主角很合适。","8bdaf24f13857731843ce8a2"
"14","五指山Five fingers","D6","640","Buldak Spicy Ramyeon with Egg","6","拉完了","2","5","食材搭配","[示例评价] 从鸡蛋、面条、辣味的搭配看，食材之间没有互相抢味，Buldak Spicy Ramyeon with Egg吃起来有自己的重点，配一杯清饮会更舒服。","8fc574225584f855e26a6938"
"14","五指山Five fingers","D6","641","Buldak Spicy Ramyeon with Fried Chicken","9","顶级","1","8","口味建议","[示例评价] 如果平时喜欢鸡肉、面条、酥脆口感、辣味，这道Buldak Spicy Ramyeon with Fried Chicken值得试试；怕重口的话先从少辣、少酱开始，更容易吃到原本的味道。","09216c0c4162a2dfe42f6f5b"
"14","五指山Five fingers","D6","641","Buldak Spicy Ramyeon with Fried Chicken","10","夯爆了","2","9","场景感受","[示例评价] 一个人吃Buldak Spicy Ramyeon with Fried Chicken很顺手，和朋友分着吃也不会无聊；鸡肉、面条、酥脆口感、辣味的味道够明确，聊天间隙也能吃出滋味。","d0da25152f5ababc3786d107"
"15","美式早餐AmericanBreakfast","D6","653","Small Pancake Set","8","人上人","1","5","食材搭配","[示例评价] 从甜味的搭配看，食材之间没有互相抢味，Small Pancake Set吃起来有自己的重点，配一杯清饮会更舒服。","533b16797f5db1ef6d18b9b0"
"15","美式早餐AmericanBreakfast","D6","653","Small Pancake Set","6","拉完了","2","6","收尾回味","[示例评价] 咽下去以后还能留住一点甜味的回味，Small Pancake Set不是只靠第一口取胜，后段味道也有记忆点。","9114f12af177f28668b4ff9c"
"15","美式早餐AmericanBreakfast","D6","654","Big Pancake Set","9","顶级","1","3","口感变化","[示例评价] 这道Big Pancake Set有意思的地方在口感变化：甜味带来不同的咀嚼感，慢慢吃比急着吞更能尝出细节。","9713a0d1a181b1ac69e87264"
"15","美式早餐AmericanBreakfast","D6","654","Big Pancake Set","7","NPC","2","4","香气表现","[示例评价] 端上来时甜味的香气很先声夺人，入口后味道也跟得上；作为一餐里的主角很合适。","716d34f1c238440dc330cb53"
"15","美式早餐AmericanBreakfast","D6","655","Small French/Garlic Toast Set","10","夯爆了","1","8","口味建议","[示例评价] 如果平时喜欢整体风味，这道Small French/Garlic Toast Set值得试试；怕重口的话先从少辣、少酱开始，更容易吃到原本的味道。","671bc6816f87fea7455e457a"
"15","美式早餐AmericanBreakfast","D6","655","Small French/Garlic Toast Set","7","NPC","2","9","场景感受","[示例评价] 一个人吃Small French/Garlic Toast Set很顺手，和朋友分着吃也不会无聊；整体风味的味道够明确，聊天间隙也能吃出滋味。","efa257ac5812ac071343a371"
"15","美式早餐AmericanBreakfast","D6","656","Big French/Garlic Toast Set","10","夯爆了","1","3","口感变化","[示例评价] 这道Big French/Garlic Toast Set有意思的地方在口感变化：整体风味带来不同的咀嚼感，慢慢吃比急着吞更能尝出细节。","a7fcfe134f4c7484e17b517e"
"15","美式早餐AmericanBreakfast","D6","656","Big French/Garlic Toast Set","6","拉完了","2","4","香气表现","[示例评价] 端上来时整体风味的香气很先声夺人，入口后味道也跟得上；作为一餐里的主角很合适。","f51719faf99b00557476d1a7"
"15","美式早餐AmericanBreakfast","D6","657","Small Toast Set","10","夯爆了","1","9","场景感受","[示例评价] 一个人吃Small Toast Set很顺手，和朋友分着吃也不会无聊；整体风味的味道够明确，聊天间隙也能吃出滋味。","f9684ff8432c6ca35b98daf0"
"15","美式早餐AmericanBreakfast","D6","657","Small Toast Set","6","拉完了","2","10","复购判断","[示例评价] 这道Small Toast Set的优点是整体风味各有分工，吃完不会觉得味道散；如果这次合口味，下次还会想再点。","5e11c643d8ff203d7615e49c"
"16","Coffee,tea,fruit,lightmeals,chocolate夏一城","D6","693","Milkshake with 1 Spread","8","人上人","1","3","口感变化","[示例评价] 这道Milkshake with 1 Spread有意思的地方在口感变化：奶香带来不同的咀嚼感，慢慢吃比急着吞更能尝出细节。","5a0bcd2dd6b8636578ddfa3a"
"16","Coffee,tea,fruit,lightmeals,chocolate夏一城","D6","693","Milkshake with 1 Spread","6","拉完了","2","4","香气表现","[示例评价] 端上来时奶香的香气很先声夺人，入口后味道也跟得上；作为一餐里的主角很合适。","c9275ef6bd0796b44efe586b"
"16","Coffee,tea,fruit,lightmeals,chocolate夏一城","D6","694","Milkshake with 2 Spreads","6","拉完了","1","8","口味建议","[示例评价] 如果平时喜欢奶香，这道Milkshake with 2 Spreads值得试试；怕重口的话先从少辣、少酱开始，更容易吃到原本的味道。","5225696443e9d7e2d673fcb5"
"16","Coffee,tea,fruit,lightmeals,chocolate夏一城","D6","694","Milkshake with 2 Spreads","8","人上人","2","9","场景感受","[示例评价] 一个人吃Milkshake with 2 Spreads很顺手，和朋友分着吃也不会无聊；奶香的味道够明确，聊天间隙也能吃出滋味。","b9b2c97274b37ba422ff8b71"
"16","Coffee,tea,fruit,lightmeals,chocolate夏一城","D6","695","Milkshake with Pistachio Spread","10","夯爆了","1","4","香气表现","[示例评价] 端上来时奶香的香气很先声夺人，入口后味道也跟得上；作为一餐里的主角很合适。","d79d784ae6082a38a157d348"
"16","Coffee,tea,fruit,lightmeals,chocolate夏一城","D6","695","Milkshake with Pistachio Spread","10","夯爆了","2","5","食材搭配","[示例评价] 从奶香的搭配看，食材之间没有互相抢味，Milkshake with Pistachio Spread吃起来有自己的重点，配一杯清饮会更舒服。","196a34e13861b4cd8cd7b922"
"16","Coffee,tea,fruit,lightmeals,chocolate夏一城","D6","696","Mango Shaped Ice","9","顶级","1","9","场景感受","[示例评价] 一个人吃Mango Shaped Ice很顺手，和朋友分着吃也不会无聊；芒果的味道够明确，聊天间隙也能吃出滋味。","48c4e2ebb4be52b54e45e524"
"16","Coffee,tea,fruit,lightmeals,chocolate夏一城","D6","696","Mango Shaped Ice","10","夯爆了","2","10","复购判断","[示例评价] 这道Mango Shaped Ice的优点是芒果各有分工，吃完不会觉得味道散；如果这次合口味，下次还会想再点。","83172380d8365e4cb9ff052c"
"16","Coffee,tea,fruit,lightmeals,chocolate夏一城","D6","697","Coconut Milkshake","8","人上人","1","8","口味建议","[示例评价] 如果平时喜欢奶香，这道Coconut Milkshake值得试试；怕重口的话先从少辣、少酱开始，更容易吃到原本的味道。","5d16e7783045ce51da790e64"
"16","Coffee,tea,fruit,lightmeals,chocolate夏一城","D6","697","Coconut Milkshake","7","NPC","2","9","场景感受","[示例评价] 一个人吃Coconut Milkshake很顺手，和朋友分着吃也不会无聊；奶香的味道够明确，聊天间隙也能吃出滋味。","4441759d960204493f051d73"
"17","Let's kopitiam","D6","734","Half Boil Egg","10","夯爆了","1","8","口味建议","[示例评价] 如果平时喜欢鸡蛋，这道Half Boil Egg值得试试；怕重口的话先从少辣、少酱开始，更容易吃到原本的味道。","330f4029c3d7d61afc985609"
"17","Let's kopitiam","D6","734","Half Boil Egg","7","NPC","2","9","场景感受","[示例评价] 一个人吃Half Boil Egg很顺手，和朋友分着吃也不会无聊；鸡蛋的味道够明确，聊天间隙也能吃出滋味。","73d97d49d6f0076557612229"
"17","Let's kopitiam","D6","735","Butter Kaya Toast","8","人上人","1","1","第一口印象","[示例评价] 第一口先尝到面条的味道，层次很清楚；Butter Kaya Toast适合趁热吃，香气会更完整。","2d200cea278c8786f5e21b6c"
"17","Let's kopitiam","D6","735","Butter Kaya Toast","8","人上人","2","2","风味平衡","[示例评价] Butter Kaya Toast把面条的味道收得比较平衡，不会只剩单一的咸或甜；喜欢清爽口味的话可以少加酱汁。","c235bad8ef3c9aad19681cb1"
"17","Let's kopitiam","D6","736","Margarine Sugar Toast","10","夯爆了","1","1","第一口印象","[示例评价] 第一口先尝到面条的味道，层次很清楚；Margarine Sugar Toast适合趁热吃，香气会更完整。","f47d67a416e53a0717fb33de"
"17","Let's kopitiam","D6","736","Margarine Sugar Toast","9","顶级","2","2","风味平衡","[示例评价] Margarine Sugar Toast把面条的味道收得比较平衡，不会只剩单一的咸或甜；喜欢清爽口味的话可以少加酱汁。","76a83e7d34ec37b113ebc17e"
"17","Let's kopitiam","D6","737","Margarine Milk Toast","10","夯爆了","1","8","口味建议","[示例评价] 如果平时喜欢面条、奶香，这道Margarine Milk Toast值得试试；怕重口的话先从少辣、少酱开始，更容易吃到原本的味道。","13f2d156a41b1cda5ec46181"
"17","Let's kopitiam","D6","737","Margarine Milk Toast","10","夯爆了","2","9","场景感受","[示例评价] 一个人吃Margarine Milk Toast很顺手，和朋友分着吃也不会无聊；面条、奶香的味道够明确，聊天间隙也能吃出滋味。","aec59dc8cf90ed6bafbc2460"
"17","Let's kopitiam","D6","738","Peanut Butter Toast","10","夯爆了","1","1","第一口印象","[示例评价] 第一口先尝到面条的味道，层次很清楚；Peanut Butter Toast适合趁热吃，香气会更完整。","48ba55a0621e8f63c7b47c0f"
"17","Let's kopitiam","D6","738","Peanut Butter Toast","10","夯爆了","2","2","风味平衡","[示例评价] Peanut Butter Toast把面条的味道收得比较平衡，不会只剩单一的咸或甜；喜欢清爽口味的话可以少加酱汁。","382188904d66d101d99835a9"
"18","小巨蛋cafeteria on the lake","other","848","Green Soy Bean","6","拉完了","1","10","复购判断","[示例评价] 这道Green Soy Bean的优点是整体风味各有分工，吃完不会觉得味道散；如果这次合口味，下次还会想再点。","58637c63eb0251f3a0b55cc8"
"18","小巨蛋cafeteria on the lake","other","848","Green Soy Bean","7","NPC","2","1","第一口印象","[示例评价] 第一口先尝到整体风味的味道，层次很清楚；Green Soy Bean适合趁热吃，香气会更完整。","13918011332d5f7a7e8c59e3"
"18","小巨蛋cafeteria on the lake","other","849","Cheesy Sausage","9","顶级","1","4","香气表现","[示例评价] 端上来时整体风味的香气很先声夺人，入口后味道也跟得上；作为一餐里的主角很合适。","6a15cf7e2a88c689f88e1c25"
"18","小巨蛋cafeteria on the lake","other","849","Cheesy Sausage","8","人上人","2","5","食材搭配","[示例评价] 从整体风味的搭配看，食材之间没有互相抢味，Cheesy Sausage吃起来有自己的重点，配一杯清饮会更舒服。","54052c711dff9d73b7b2d861"
"18","小巨蛋cafeteria on the lake","other","850","Pesto Chilli","6","拉完了","1","6","收尾回味","[示例评价] 咽下去以后还能留住一点辣味的回味，Pesto Chilli不是只靠第一口取胜，后段味道也有记忆点。","c63ca50e73f5369c966144df"
"18","小巨蛋cafeteria on the lake","other","850","Pesto Chilli","10","夯爆了","2","7","日常满足","[示例评价] 想吃得踏实的时候可以点Pesto Chilli：辣味让味道有内容，分量和满足感也比较适合日常解决一餐。","10cc5f495c866e3f7a912a3e"
"18","小巨蛋cafeteria on the lake","other","851","Salted Egg Yolk Lava Croissant","6","拉完了","1","7","日常满足","[示例评价] 想吃得踏实的时候可以点Salted Egg Yolk Lava Croissant：鸡蛋让味道有内容，分量和满足感也比较适合日常解决一餐。","5b327280b9b44b33e6cb0d88"
"18","小巨蛋cafeteria on the lake","other","851","Salted Egg Yolk Lava Croissant","6","拉完了","2","8","口味建议","[示例评价] 如果平时喜欢鸡蛋，这道Salted Egg Yolk Lava Croissant值得试试；怕重口的话先从少辣、少酱开始，更容易吃到原本的味道。","9c622c125520808ee0dfc0d3"
"18","小巨蛋cafeteria on the lake","other","852","Chocolate Lava Croissant","7","NPC","1","5","食材搭配","[示例评价] 从甜味的搭配看，食材之间没有互相抢味，Chocolate Lava Croissant吃起来有自己的重点，配一杯清饮会更舒服。","0dbf4107af849c6b37574d91"
"18","小巨蛋cafeteria on the lake","other","852","Chocolate Lava Croissant","9","顶级","2","6","收尾回味","[示例评价] 咽下去以后还能留住一点甜味的回味，Chocolate Lava Croissant不是只靠第一口取胜，后段味道也有记忆点。","d338fb45b26ccdcdd87edc56"
"19","mad plate express","LY3","897","Chicken Slice Rice","6","拉完了","1","7","日常满足","[示例评价] 想吃得踏实的时候可以点Chicken Slice Rice：鸡肉、米饭让味道有内容，分量和满足感也比较适合日常解决一餐。","92b9eb3e0da9b083c64b15ac"
"19","mad plate express","LY3","897","Chicken Slice Rice","10","夯爆了","2","8","口味建议","[示例评价] 如果平时喜欢鸡肉、米饭，这道Chicken Slice Rice值得试试；怕重口的话先从少辣、少酱开始，更容易吃到原本的味道。","a6d2cf4994d9eb43c1b9d63e"
"19","mad plate express","LY3","898","Beef Slice Rice","6","拉完了","1","10","复购判断","[示例评价] 这道Beef Slice Rice的优点是牛肉、米饭各有分工，吃完不会觉得味道散；如果这次合口味，下次还会想再点。","890d1f8b9375a0b524fec78e"
"19","mad plate express","LY3","898","Beef Slice Rice","9","顶级","2","1","第一口印象","[示例评价] 第一口先尝到牛肉、米饭的味道，层次很清楚；Beef Slice Rice适合趁热吃，香气会更完整。","cf5ce4749191398152c97594"
"19","mad plate express","LY3","899","Smoked Duck Rice","7","NPC","1","9","场景感受","[示例评价] 一个人吃Smoked Duck Rice很顺手，和朋友分着吃也不会无聊；鸭肉、米饭的味道够明确，聊天间隙也能吃出滋味。","386680043545f87bef876ae4"
"19","mad plate express","LY3","899","Smoked Duck Rice","9","顶级","2","10","复购判断","[示例评价] 这道Smoked Duck Rice的优点是鸭肉、米饭各有分工，吃完不会觉得味道散；如果这次合口味，下次还会想再点。","59715d9f5eed4e3c9b51605d"
"19","mad plate express","LY3","900","Broccoli & Mushroom Rice","9","顶级","1","1","第一口印象","[示例评价] 第一口先尝到蘑菇、米饭的味道，层次很清楚；Broccoli & Mushroom Rice适合趁热吃，香气会更完整。","4afaff18b6d4854c1a0733b9"
"19","mad plate express","LY3","900","Broccoli & Mushroom Rice","8","人上人","2","2","风味平衡","[示例评价] Broccoli & Mushroom Rice把蘑菇、米饭的味道收得比较平衡，不会只剩单一的咸或甜；喜欢清爽口味的话可以少加酱汁。","445d70a9ab76246c4226754a"
"19","mad plate express","LY3","901","Meat Party Combo (Chicken/Beef/Smoked Duck)","6","拉完了","1","10","复购判断","[示例评价] 这道Meat Party Combo (Chicken/Beef/Smoked Duck)的优点是牛肉、鸡肉、鸭肉各有分工，吃完不会觉得味道散；如果这次合口味，下次还会想再点。","22b4f6b59aaab47a1728c4be"
"19","mad plate express","LY3","901","Meat Party Combo (Chicken/Beef/Smoked Duck)","8","人上人","2","1","第一口印象","[示例评价] 第一口先尝到牛肉、鸡肉、鸭肉的味道，层次很清楚；Meat Party Combo (Chicken/Beef/Smoked Duck)适合趁热吃，香气会更完整。","87902920c688766c59a8bd8d"
"20","小九州 Rice&noodles","LY3","944","Sweet & Sour Fish Fillet Rice","9","顶级","1","3","口感变化","[示例评价] 这道Sweet & Sour Fish Fillet Rice有意思的地方在口感变化：鱼肉、米饭、甜味带来不同的咀嚼感，慢慢吃比急着吞更能尝出细节。","09deabbb62148a34967c3612"
"20","小九州 Rice&noodles","LY3","944","Sweet & Sour Fish Fillet Rice","7","NPC","2","4","香气表现","[示例评价] 端上来时鱼肉、米饭、甜味的香气很先声夺人，入口后味道也跟得上；作为一餐里的主角很合适。","54e294ea602c567595fce6ad"
"20","小九州 Rice&noodles","LY3","945","Salted Egg Chicken Rice","8","人上人","1","5","食材搭配","[示例评价] 从鸡肉、鸡蛋、米饭的搭配看，食材之间没有互相抢味，Salted Egg Chicken Rice吃起来有自己的重点，配一杯清饮会更舒服。","af07e459b174f7ebdb9827f2"
"20","小九州 Rice&noodles","LY3","945","Salted Egg Chicken Rice","10","夯爆了","2","6","收尾回味","[示例评价] 咽下去以后还能留住一点鸡肉、鸡蛋、米饭的回味，Salted Egg Chicken Rice不是只靠第一口取胜，后段味道也有记忆点。","9db8b3f64f71fcccfe4534c9"
"20","小九州 Rice&noodles","LY3","946","Kung Pao Chicken Rice","7","NPC","1","8","口味建议","[示例评价] 如果平时喜欢鸡肉、米饭，这道Kung Pao Chicken Rice值得试试；怕重口的话先从少辣、少酱开始，更容易吃到原本的味道。","1c9a5fc693b2b89833daa486"
"20","小九州 Rice&noodles","LY3","946","Kung Pao Chicken Rice","8","人上人","2","9","场景感受","[示例评价] 一个人吃Kung Pao Chicken Rice很顺手，和朋友分着吃也不会无聊；鸡肉、米饭的味道够明确，聊天间隙也能吃出滋味。","c0f66c058b30cafb83f72772"
"20","小九州 Rice&noodles","LY3","947","Kung Pao Fish Fillet Rice","9","顶级","1","7","日常满足","[示例评价] 想吃得踏实的时候可以点Kung Pao Fish Fillet Rice：鱼肉、米饭让味道有内容，分量和满足感也比较适合日常解决一餐。","f5f925c1cc3faeb52cc59e23"
"20","小九州 Rice&noodles","LY3","947","Kung Pao Fish Fillet Rice","7","NPC","2","8","口味建议","[示例评价] 如果平时喜欢鱼肉、米饭，这道Kung Pao Fish Fillet Rice值得试试；怕重口的话先从少辣、少酱开始，更容易吃到原本的味道。","774aad34132840bbdaae9b1b"
"20","小九州 Rice&noodles","LY3","948","Kam Hoeng Pork Rice","7","NPC","1","5","食材搭配","[示例评价] 从猪肉、米饭的搭配看，食材之间没有互相抢味，Kam Hoeng Pork Rice吃起来有自己的重点，配一杯清饮会更舒服。","5371af93ee54068e269159d7"
"20","小九州 Rice&noodles","LY3","948","Kam Hoeng Pork Rice","10","夯爆了","2","6","收尾回味","[示例评价] 咽下去以后还能留住一点猪肉、米饭的回味，Kam Hoeng Pork Rice不是只靠第一口取胜，后段味道也有记忆点。","d507d402a0f2eaa44ac93c70"
"21","膳一城Drinks","LY3","1025","Mango Bingsu","9","顶级","1","9","场景感受","[示例评价] 一个人吃Mango Bingsu很顺手，和朋友分着吃也不会无聊；芒果的味道够明确，聊天间隙也能吃出滋味。","b4915090abb7b265fed57932"
"21","膳一城Drinks","LY3","1025","Mango Bingsu","9","顶级","2","10","复购判断","[示例评价] 这道Mango Bingsu的优点是芒果各有分工，吃完不会觉得味道散；如果这次合口味，下次还会想再点。","f2ce3eca2449e94dd51f6a13"
"21","膳一城Drinks","LY3","1026","Milo Oreo Bingsu","7","NPC","1","9","场景感受","[示例评价] 一个人吃Milo Oreo Bingsu很顺手，和朋友分着吃也不会无聊；整体风味的味道够明确，聊天间隙也能吃出滋味。","7b86c6db4d0e1d36b954c32d"
"21","膳一城Drinks","LY3","1026","Milo Oreo Bingsu","9","顶级","2","10","复购判断","[示例评价] 这道Milo Oreo Bingsu的优点是整体风味各有分工，吃完不会觉得味道散；如果这次合口味，下次还会想再点。","604f49dc726e260642be14e1"
"21","膳一城Drinks","LY3","1027","Strawberry Milk Bingsu","9","顶级","1","3","口感变化","[示例评价] 这道Strawberry Milk Bingsu有意思的地方在口感变化：草莓、奶香带来不同的咀嚼感，慢慢吃比急着吞更能尝出细节。","73ba730f5c8d32a34d5d6652"
"21","膳一城Drinks","LY3","1027","Strawberry Milk Bingsu","9","顶级","2","4","香气表现","[示例评价] 端上来时草莓、奶香的香气很先声夺人，入口后味道也跟得上；作为一餐里的主角很合适。","04497e55405c75095e100b65"
"21","膳一城Drinks","LY3","1028","Pistachio Matcha Bingsu","7","NPC","1","3","口感变化","[示例评价] 这道Pistachio Matcha Bingsu有意思的地方在口感变化：茶带来不同的咀嚼感，慢慢吃比急着吞更能尝出细节。","52bcfe9059f2c2db927902cd"
"21","膳一城Drinks","LY3","1028","Pistachio Matcha Bingsu","10","夯爆了","2","4","香气表现","[示例评价] 端上来时茶的香气很先声夺人，入口后味道也跟得上；作为一餐里的主角很合适。","776904700decc8174678f710"
"21","膳一城Drinks","LY3","1029","Peanut Bingsu","10","夯爆了","1","10","复购判断","[示例评价] 这道Peanut Bingsu的优点是整体风味各有分工，吃完不会觉得味道散；如果这次合口味，下次还会想再点。","10a1a1a049cbdbb9ee19fca6"
"21","膳一城Drinks","LY3","1029","Peanut Bingsu","8","人上人","2","1","第一口印象","[示例评价] 第一口先尝到整体风味的味道，层次很清楚；Peanut Bingsu适合趁热吃，香气会更完整。","2067c26653070233af70e14f"
"22","佳味食轩RICE","LY3","1086","Black Pepper Chicken Chop Pan Mee","8","人上人","1","2","风味平衡","[示例评价] Black Pepper Chicken Chop Pan Mee把鸡肉、面条的味道收得比较平衡，不会只剩单一的咸或甜；喜欢清爽口味的话可以少加酱汁。","a5dea61ae95f5bc0bb31be4e"
"22","佳味食轩RICE","LY3","1086","Black Pepper Chicken Chop Pan Mee","9","顶级","2","3","口感变化","[示例评价] 这道Black Pepper Chicken Chop Pan Mee有意思的地方在口感变化：鸡肉、面条带来不同的咀嚼感，慢慢吃比急着吞更能尝出细节。","46ef55d42da61b7d87766513"
"22","佳味食轩RICE","LY3","1087","Braised Pork Pan Mee","8","人上人","1","7","日常满足","[示例评价] 想吃得踏实的时候可以点Braised Pork Pan Mee：猪肉、面条让味道有内容，分量和满足感也比较适合日常解决一餐。","f5aadcc6bb57196ea28e5724"
"22","佳味食轩RICE","LY3","1087","Braised Pork Pan Mee","8","人上人","2","8","口味建议","[示例评价] 如果平时喜欢猪肉、面条，这道Braised Pork Pan Mee值得试试；怕重口的话先从少辣、少酱开始，更容易吃到原本的味道。","8c68ee36a655ba08e177caa1"
"22","佳味食轩RICE","LY3","1088","Herbal Soup Chicken Leg Pan Mee","9","顶级","1","7","日常满足","[示例评价] 想吃得踏实的时候可以点Herbal Soup Chicken Leg Pan Mee：鸡肉、面条、汤让味道有内容，分量和满足感也比较适合日常解决一餐。","40b8a0f968c1f8acfe63cc97"
"22","佳味食轩RICE","LY3","1088","Herbal Soup Chicken Leg Pan Mee","10","夯爆了","2","8","口味建议","[示例评价] 如果平时喜欢鸡肉、面条、汤，这道Herbal Soup Chicken Leg Pan Mee值得试试；怕重口的话先从少辣、少酱开始，更容易吃到原本的味道。","06f317e4325912b4ffafebb3"
"22","佳味食轩RICE","LY3","1089","Chinese Fried Rice","7","NPC","1","8","口味建议","[示例评价] 如果平时喜欢米饭、酥脆口感，这道Chinese Fried Rice值得试试；怕重口的话先从少辣、少酱开始，更容易吃到原本的味道。","1899b51a7ce5437a1d96307f"
"22","佳味食轩RICE","LY3","1089","Chinese Fried Rice","6","拉完了","2","9","场景感受","[示例评价] 一个人吃Chinese Fried Rice很顺手，和朋友分着吃也不会无聊；米饭、酥脆口感的味道够明确，聊天间隙也能吃出滋味。","b81a5729705069b0a63145fb"
"22","佳味食轩RICE","LY3","1090","Spam Fried Rice","6","拉完了","1","9","场景感受","[示例评价] 一个人吃Spam Fried Rice很顺手，和朋友分着吃也不会无聊；米饭、酥脆口感的味道够明确，聊天间隙也能吃出滋味。","620d9e95e49ea86ef023f97d"
"22","佳味食轩RICE","LY3","1090","Spam Fried Rice","6","拉完了","2","10","复购判断","[示例评价] 这道Spam Fried Rice的优点是米饭、酥脆口感各有分工，吃完不会觉得味道散；如果这次合口味，下次还会想再点。","4f0bf59bf3f98679041d3307"
"23","Unipot有你香锅","LY3","1104","Value Set","8","人上人","1","8","口味建议","[示例评价] 如果平时喜欢整体风味，这道Value Set值得试试；怕重口的话先从少辣、少酱开始，更容易吃到原本的味道。","1d72a0f249c127d324cdf174"
"23","Unipot有你香锅","LY3","1104","Value Set","9","顶级","2","9","场景感受","[示例评价] 一个人吃Value Set很顺手，和朋友分着吃也不会无聊；整体风味的味道够明确，聊天间隙也能吃出滋味。","0f252f3c1ad126be10147619"
"23","Unipot有你香锅","LY3","1105","Value Vego Set","7","NPC","1","8","口味建议","[示例评价] 如果平时喜欢整体风味，这道Value Vego Set值得试试；怕重口的话先从少辣、少酱开始，更容易吃到原本的味道。","b852996199e24080370c42cb"
"23","Unipot有你香锅","LY3","1105","Value Vego Set","9","顶级","2","9","场景感受","[示例评价] 一个人吃Value Vego Set很顺手，和朋友分着吃也不会无聊；整体风味的味道够明确，聊天间隙也能吃出滋味。","5d8009efb357676e46bcfd8f"
"23","Unipot有你香锅","LY3","1106","Value Chicken Set","9","顶级","1","10","复购判断","[示例评价] 这道Value Chicken Set的优点是鸡肉各有分工，吃完不会觉得味道散；如果这次合口味，下次还会想再点。","74a4ae69bb47efd1d5821d0c"
"23","Unipot有你香锅","LY3","1106","Value Chicken Set","8","人上人","2","1","第一口印象","[示例评价] 第一口先尝到鸡肉的味道，层次很清楚；Value Chicken Set适合趁热吃，香气会更完整。","619db7d07d1de5fbebe39b3f"
"23","Unipot有你香锅","LY3","1107","Chicken Set A","10","夯爆了","1","6","收尾回味","[示例评价] 咽下去以后还能留住一点鸡肉的回味，Chicken Set A不是只靠第一口取胜，后段味道也有记忆点。","5c662eabfeaeedef1ecae2e1"
"23","Unipot有你香锅","LY3","1107","Chicken Set A","6","拉完了","2","7","日常满足","[示例评价] 想吃得踏实的时候可以点Chicken Set A：鸡肉让味道有内容，分量和满足感也比较适合日常解决一餐。","d372428980b32e97387d95f1"
"23","Unipot有你香锅","LY3","1108","Chicken Set B","6","拉完了","1","7","日常满足","[示例评价] 想吃得踏实的时候可以点Chicken Set B：鸡肉让味道有内容，分量和满足感也比较适合日常解决一餐。","5dd6473c90b3032f8f11c810"
"23","Unipot有你香锅","LY3","1108","Chicken Set B","7","NPC","2","8","口味建议","[示例评价] 如果平时喜欢鸡肉，这道Chicken Set B值得试试；怕重口的话先从少辣、少酱开始，更容易吃到原本的味道。","0fc6da4b927eb9c610a8ea5f"
"24","SAPID","B1","1145","Teriyaki Chicken Don","6","拉完了","1","9","场景感受","[示例评价] 一个人吃Teriyaki Chicken Don很顺手，和朋友分着吃也不会无聊；鸡肉、米饭、烤制香气的味道够明确，聊天间隙也能吃出滋味。","57e5818e16f0317bc61b5153"
"24","SAPID","B1","1145","Teriyaki Chicken Don","10","夯爆了","2","10","复购判断","[示例评价] 这道Teriyaki Chicken Don的优点是鸡肉、米饭、烤制香气各有分工，吃完不会觉得味道散；如果这次合口味，下次还会想再点。","9350f1a4c28f2273a5dd2618"
"24","SAPID","B1","1146","Udon（Add on Chicken）","6","拉完了","1","5","食材搭配","[示例评价] 从鸡肉、面条、米饭的搭配看，食材之间没有互相抢味，Udon（Add on Chicken）吃起来有自己的重点，配一杯清饮会更舒服。","e93ea1983acca654bcdc97dd"
"24","SAPID","B1","1146","Udon（Add on Chicken）","6","拉完了","2","6","收尾回味","[示例评价] 咽下去以后还能留住一点鸡肉、面条、米饭的回味，Udon（Add on Chicken）不是只靠第一口取胜，后段味道也有记忆点。","ea1b15cb6adfcb8794a281e6"
"24","SAPID","B1","1147","Cheezy Teriyaki Chicken Don","10","夯爆了","1","2","风味平衡","[示例评价] Cheezy Teriyaki Chicken Don把鸡肉、米饭、烤制香气的味道收得比较平衡，不会只剩单一的咸或甜；喜欢清爽口味的话可以少加酱汁。","311c3cd60da1613395e4e874"
"24","SAPID","B1","1147","Cheezy Teriyaki Chicken Don","10","夯爆了","2","3","口感变化","[示例评价] 这道Cheezy Teriyaki Chicken Don有意思的地方在口感变化：鸡肉、米饭、烤制香气带来不同的咀嚼感，慢慢吃比急着吞更能尝出细节。","a70f4dbfd711e191ad4b925b"
"24","SAPID","B1","1148","Ramen （Add on Chicken）","8","人上人","1","5","食材搭配","[示例评价] 从鸡肉、面条的搭配看，食材之间没有互相抢味，Ramen （Add on Chicken）吃起来有自己的重点，配一杯清饮会更舒服。","92f6ad77ad021e5371af43ea"
"24","SAPID","B1","1148","Ramen （Add on Chicken）","7","NPC","2","6","收尾回味","[示例评价] 咽下去以后还能留住一点鸡肉、面条的回味，Ramen （Add on Chicken）不是只靠第一口取胜，后段味道也有记忆点。","1ec8cb54d684ed054fd237f9"
"24","SAPID","B1","1149","Salmon Fish Don","8","人上人","1","8","口味建议","[示例评价] 如果平时喜欢鱼肉、米饭，这道Salmon Fish Don值得试试；怕重口的话先从少辣、少酱开始，更容易吃到原本的味道。","798101296b4d444ca39d646b"
"24","SAPID","B1","1149","Salmon Fish Don","10","夯爆了","2","9","场景感受","[示例评价] 一个人吃Salmon Fish Don很顺手，和朋友分着吃也不会无聊；鱼肉、米饭的味道够明确，聊天间隙也能吃出滋味。","c6b39d2bdf935cfdab303ba8"
"25","沙县小吃Shaxian Snacks","LY3","1218","Aromatic Mixed Noodles","6","拉完了","1","4","香气表现","[示例评价] 端上来时面条的香气很先声夺人，入口后味道也跟得上；作为一餐里的主角很合适。","ffb8a3c910fefbe361cbc512"
"25","沙县小吃Shaxian Snacks","LY3","1218","Aromatic Mixed Noodles","10","夯爆了","2","5","食材搭配","[示例评价] 从面条的搭配看，食材之间没有互相抢味，Aromatic Mixed Noodles吃起来有自己的重点，配一杯清饮会更舒服。","9b1082e0defaae88a3d51be2"
"25","沙县小吃Shaxian Snacks","LY3","1219","Scallion Oil Mixed Noodles","7","NPC","1","10","复购判断","[示例评价] 这道Scallion Oil Mixed Noodles的优点是面条各有分工，吃完不会觉得味道散；如果这次合口味，下次还会想再点。","f1d3acada98cbd096d16e2dc"
"25","沙县小吃Shaxian Snacks","LY3","1219","Scallion Oil Mixed Noodles","7","NPC","2","1","第一口印象","[示例评价] 第一口先尝到面条的味道，层次很清楚；Scallion Oil Mixed Noodles适合趁热吃，香气会更完整。","35748504258844e2c250ee22"
"25","沙县小吃Shaxian Snacks","LY3","1220","Zha Jiang Mixed Noodles","6","拉完了","1","2","风味平衡","[示例评价] Zha Jiang Mixed Noodles把面条的味道收得比较平衡，不会只剩单一的咸或甜；喜欢清爽口味的话可以少加酱汁。","5c68b78093e875e840693224"
"25","沙县小吃Shaxian Snacks","LY3","1220","Zha Jiang Mixed Noodles","10","夯爆了","2","3","口感变化","[示例评价] 这道Zha Jiang Mixed Noodles有意思的地方在口感变化：面条带来不同的咀嚼感，慢慢吃比急着吞更能尝出细节。","a4f73c4dc06097b776a67ec0"
"25","沙县小吃Shaxian Snacks","LY3","1221","Lao Gan Ma Spicy Mixed Noodles","9","顶级","1","9","场景感受","[示例评价] 一个人吃Lao Gan Ma Spicy Mixed Noodles很顺手，和朋友分着吃也不会无聊；面条、辣味的味道够明确，聊天间隙也能吃出滋味。","65445c7eed0f09cc2ca628d4"
"25","沙县小吃Shaxian Snacks","LY3","1221","Lao Gan Ma Spicy Mixed Noodles","7","NPC","2","10","复购判断","[示例评价] 这道Lao Gan Ma Spicy Mixed Noodles的优点是面条、辣味各有分工，吃完不会觉得味道散；如果这次合口味，下次还会想再点。","80fa6aaf9bed339ef9392c57"
"25","沙县小吃Shaxian Snacks","LY3","1222","Shredded Chicken Noodles","9","顶级","1","4","香气表现","[示例评价] 端上来时鸡肉、面条的香气很先声夺人，入口后味道也跟得上；作为一餐里的主角很合适。","9b3646f24f0bf1d3ccd65d45"
"25","沙县小吃Shaxian Snacks","LY3","1222","Shredded Chicken Noodles","9","顶级","2","5","食材搭配","[示例评价] 从鸡肉、面条的搭配看，食材之间没有互相抢味，Shredded Chicken Noodles吃起来有自己的重点，配一杯清饮会更舒服。","2df1055b495e5892b24303e9"
"26","天猫校园咖啡Tianmao coffee","LY3","1256","Tmall Campus Mango","9","顶级","1","7","日常满足","[示例评价] 想吃得踏实的时候可以点Tmall Campus Mango：芒果让味道有内容，分量和满足感也比较适合日常解决一餐。","65e9bfa64376448531c90bed"
"26","天猫校园咖啡Tianmao coffee","LY3","1256","Tmall Campus Mango","8","人上人","2","8","口味建议","[示例评价] 如果平时喜欢芒果，这道Tmall Campus Mango值得试试；怕重口的话先从少辣、少酱开始，更容易吃到原本的味道。","74708242e72ef77eb41c7090"
"26","天猫校园咖啡Tianmao coffee","LY3","1257","Berry Cheese Foam","8","人上人","1","8","口味建议","[示例评价] 如果平时喜欢整体风味，这道Berry Cheese Foam值得试试；怕重口的话先从少辣、少酱开始，更容易吃到原本的味道。","5155503dd634e201b5560e34"
"26","天猫校园咖啡Tianmao coffee","LY3","1257","Berry Cheese Foam","8","人上人","2","9","场景感受","[示例评价] 一个人吃Berry Cheese Foam很顺手，和朋友分着吃也不会无聊；整体风味的味道够明确，聊天间隙也能吃出滋味。","2327bb3557d0a74572833ad1"
"26","天猫校园咖啡Tianmao coffee","LY3","1258","Pineapple Cheese Foam","8","人上人","1","9","场景感受","[示例评价] 一个人吃Pineapple Cheese Foam很顺手，和朋友分着吃也不会无聊；苹果的味道够明确，聊天间隙也能吃出滋味。","1e25482b5a0d8783705b19aa"
"26","天猫校园咖啡Tianmao coffee","LY3","1258","Pineapple Cheese Foam","9","顶级","2","10","复购判断","[示例评价] 这道Pineapple Cheese Foam的优点是苹果各有分工，吃完不会觉得味道散；如果这次合口味，下次还会想再点。","82afb100d364b27a52f80e11"
"26","天猫校园咖啡Tianmao coffee","LY3","1259","Grape Cheese Foam","6","拉完了","1","9","场景感受","[示例评价] 一个人吃Grape Cheese Foam很顺手，和朋友分着吃也不会无聊；整体风味的味道够明确，聊天间隙也能吃出滋味。","43d909c929a5f116d70e0e33"
"26","天猫校园咖啡Tianmao coffee","LY3","1259","Grape Cheese Foam","10","夯爆了","2","10","复购判断","[示例评价] 这道Grape Cheese Foam的优点是整体风味各有分工，吃完不会觉得味道散；如果这次合口味，下次还会想再点。","9721324d3ee76e6f9d3ca9d6"
"26","天猫校园咖啡Tianmao coffee","LY3","1260","Strawberry Slush","9","顶级","1","3","口感变化","[示例评价] 这道Strawberry Slush有意思的地方在口感变化：草莓带来不同的咀嚼感，慢慢吃比急着吞更能尝出细节。","3baea7105c44448f3175e178"
"26","天猫校园咖啡Tianmao coffee","LY3","1260","Strawberry Slush","8","人上人","2","4","香气表现","[示例评价] 端上来时草莓的香气很先声夺人，入口后味道也跟得上；作为一餐里的主角很合适。","83e66a031b1055960b94fae0"
"27","铜锅米线Copper Pot Rice Noodles","LY3","1295","Sauteed Wild Mushrooms Rice Noodles","8","人上人","1","2","风味平衡","[示例评价] Sauteed Wild Mushrooms Rice Noodles把蘑菇、面条、米饭的味道收得比较平衡，不会只剩单一的咸或甜；喜欢清爽口味的话可以少加酱汁。","a190f74590cf019184e505d9"
"27","铜锅米线Copper Pot Rice Noodles","LY3","1295","Sauteed Wild Mushrooms Rice Noodles","8","人上人","2","3","口感变化","[示例评价] 这道Sauteed Wild Mushrooms Rice Noodles有意思的地方在口感变化：蘑菇、面条、米饭带来不同的咀嚼感，慢慢吃比急着吞更能尝出细节。","00d77126c10a99fcd0679a13"
"27","铜锅米线Copper Pot Rice Noodles","LY3","1296","Sour Cabbage Braised Beef Rice Noodles","6","拉完了","1","9","场景感受","[示例评价] 一个人吃Sour Cabbage Braised Beef Rice Noodles很顺手，和朋友分着吃也不会无聊；牛肉、面条、米饭的味道够明确，聊天间隙也能吃出滋味。","a6eddacb90323df95066690e"
"27","铜锅米线Copper Pot Rice Noodles","LY3","1296","Sour Cabbage Braised Beef Rice Noodles","10","夯爆了","2","10","复购判断","[示例评价] 这道Sour Cabbage Braised Beef Rice Noodles的优点是牛肉、面条、米饭各有分工，吃完不会觉得味道散；如果这次合口味，下次还会想再点。","3e76565d48e5eccc6faec1f8"
"27","铜锅米线Copper Pot Rice Noodles","LY3","1297","Tomato Beef Slices Rice Noodles","8","人上人","1","7","日常满足","[示例评价] 想吃得踏实的时候可以点Tomato Beef Slices Rice Noodles：牛肉、番茄、面条、米饭让味道有内容，分量和满足感也比较适合日常解决一餐。","26e1c8f2813742f7c680d358"
"27","铜锅米线Copper Pot Rice Noodles","LY3","1297","Tomato Beef Slices Rice Noodles","9","顶级","2","8","口味建议","[示例评价] 如果平时喜欢牛肉、番茄、面条、米饭，这道Tomato Beef Slices Rice Noodles值得试试；怕重口的话先从少辣、少酱开始，更容易吃到原本的味道。","64ffc2d03b68ebdd8c9e2943"
"27","铜锅米线Copper Pot Rice Noodles","LY3","1298","Classic Sesame Paste Rice Noodles","6","拉完了","1","3","口感变化","[示例评价] 这道Classic Sesame Paste Rice Noodles有意思的地方在口感变化：面条、米饭带来不同的咀嚼感，慢慢吃比急着吞更能尝出细节。","c5eea36199a1cfa0e59245e2"
"27","铜锅米线Copper Pot Rice Noodles","LY3","1298","Classic Sesame Paste Rice Noodles","8","人上人","2","4","香气表现","[示例评价] 端上来时面条、米饭的香气很先声夺人，入口后味道也跟得上；作为一餐里的主角很合适。","381bf08c92bc21b54dd0ee6e"
"27","铜锅米线Copper Pot Rice Noodles","LY3","1299","Salted Crispy Chicken Rice Noodles","7","NPC","1","2","风味平衡","[示例评价] Salted Crispy Chicken Rice Noodles把鸡肉、面条、米饭、酥脆口感的味道收得比较平衡，不会只剩单一的咸或甜；喜欢清爽口味的话可以少加酱汁。","44befc88fd78c5f51a775d19"
"27","铜锅米线Copper Pot Rice Noodles","LY3","1299","Salted Crispy Chicken Rice Noodles","7","NPC","2","3","口感变化","[示例评价] 这道Salted Crispy Chicken Rice Noodles有意思的地方在口感变化：鸡肉、面条、米饭、酥脆口感带来不同的咀嚼感，慢慢吃比急着吞更能尝出细节。","a6c3d3ca1354f1186460c5cd"
"28","我想吃I want to eat","LY3","1308","Grilled Lamb Chop","8","人上人","1","2","风味平衡","[示例评价] Grilled Lamb Chop把烤制香气的味道收得比较平衡，不会只剩单一的咸或甜；喜欢清爽口味的话可以少加酱汁。","e5ebe92597d5e5a45034baf5"
"28","我想吃I want to eat","LY3","1308","Grilled Lamb Chop","8","人上人","2","3","口感变化","[示例评价] 这道Grilled Lamb Chop有意思的地方在口感变化：烤制香气带来不同的咀嚼感，慢慢吃比急着吞更能尝出细节。","1f4f5563847ae0fe601bba04"
"28","我想吃I want to eat","LY3","1309","Grilled Lamb Chop with Mushroom Sauce","6","拉完了","1","9","场景感受","[示例评价] 一个人吃Grilled Lamb Chop with Mushroom Sauce很顺手，和朋友分着吃也不会无聊；蘑菇、烤制香气的味道够明确，聊天间隙也能吃出滋味。","d37dcc7b331e6705aa1e7009"
"28","我想吃I want to eat","LY3","1309","Grilled Lamb Chop with Mushroom Sauce","10","夯爆了","2","10","复购判断","[示例评价] 这道Grilled Lamb Chop with Mushroom Sauce的优点是蘑菇、烤制香气各有分工，吃完不会觉得味道散；如果这次合口味，下次还会想再点。","3f971901b5537ffef98b91aa"
"28","我想吃I want to eat","LY3","1310","Grilled Lamb Chop with Black Pepper Sauce","7","NPC","1","1","第一口印象","[示例评价] 第一口先尝到烤制香气的味道，层次很清楚；Grilled Lamb Chop with Black Pepper Sauce适合趁热吃，香气会更完整。","00d923ccdeed30438d46ed0e"
"28","我想吃I want to eat","LY3","1310","Grilled Lamb Chop with Black Pepper Sauce","6","拉完了","2","2","风味平衡","[示例评价] Grilled Lamb Chop with Black Pepper Sauce把烤制香气的味道收得比较平衡，不会只剩单一的咸或甜；喜欢清爽口味的话可以少加酱汁。","5b6bc7535cb1ca904000b474"
"28","我想吃I want to eat","LY3","1311","Rice & Grill Chicken Chop Combo","10","夯爆了","1","7","日常满足","[示例评价] 想吃得踏实的时候可以点Rice & Grill Chicken Chop Combo：鸡肉、米饭让味道有内容，分量和满足感也比较适合日常解决一餐。","7a9af73b2d5f1d039ac1d597"
"28","我想吃I want to eat","LY3","1311","Rice & Grill Chicken Chop Combo","10","夯爆了","2","8","口味建议","[示例评价] 如果平时喜欢鸡肉、米饭，这道Rice & Grill Chicken Chop Combo值得试试；怕重口的话先从少辣、少酱开始，更容易吃到原本的味道。","b8185729444ce792e63a9b06"
"28","我想吃I want to eat","LY3","1312","Grilled Chicken Chop","6","拉完了","1","4","香气表现","[示例评价] 端上来时鸡肉、烤制香气的香气很先声夺人，入口后味道也跟得上；作为一餐里的主角很合适。","307e7c2bc9f9cad1236242e3"
"28","我想吃I want to eat","LY3","1312","Grilled Chicken Chop","9","顶级","2","5","食材搭配","[示例评价] 从鸡肉、烤制香气的搭配看，食材之间没有互相抢味，Grilled Chicken Chop吃起来有自己的重点，配一杯清饮会更舒服。","96228df25f410b91e7c84a6a"
"29","香源砂锅菜Casserole Dishes","BELL","1350","Black Pepper Beef Claypot","8","人上人","1","7","日常满足","[示例评价] 想吃得踏实的时候可以点Black Pepper Beef Claypot：牛肉、锅物让味道有内容，分量和满足感也比较适合日常解决一餐。","60434bc61a6936a15fbbedb0"
"29","香源砂锅菜Casserole Dishes","BELL","1350","Black Pepper Beef Claypot","10","夯爆了","2","8","口味建议","[示例评价] 如果平时喜欢牛肉、锅物，这道Black Pepper Beef Claypot值得试试；怕重口的话先从少辣、少酱开始，更容易吃到原本的味道。","2b1b44f3f375d1dd62317d08"
"29","香源砂锅菜Casserole Dishes","BELL","1351","Cherry Braised Pork Claypot","9","顶级","1","6","收尾回味","[示例评价] 咽下去以后还能留住一点猪肉、锅物的回味，Cherry Braised Pork Claypot不是只靠第一口取胜，后段味道也有记忆点。","f01073830759d6dbc7d64ad3"
"29","香源砂锅菜Casserole Dishes","BELL","1351","Cherry Braised Pork Claypot","8","人上人","2","7","日常满足","[示例评价] 想吃得踏实的时候可以点Cherry Braised Pork Claypot：猪肉、锅物让味道有内容，分量和满足感也比较适合日常解决一餐。","48e32d081b20e29e1286d3b5"
"29","香源砂锅菜Casserole Dishes","BELL","1352","Twice Cooked Pork Claypot","10","夯爆了","1","10","复购判断","[示例评价] 这道Twice Cooked Pork Claypot的优点是猪肉、锅物各有分工，吃完不会觉得味道散；如果这次合口味，下次还会想再点。","df7834c15ab9109639abfeb2"
"29","香源砂锅菜Casserole Dishes","BELL","1352","Twice Cooked Pork Claypot","10","夯爆了","2","1","第一口印象","[示例评价] 第一口先尝到猪肉、锅物的味道，层次很清楚；Twice Cooked Pork Claypot适合趁热吃，香气会更完整。","c393722e606cd6c7bb5cd202"
"29","香源砂锅菜Casserole Dishes","BELL","1353","Yuxiang Shredded Pork Claypot","7","NPC","1","6","收尾回味","[示例评价] 咽下去以后还能留住一点猪肉、鱼肉、锅物的回味，Yuxiang Shredded Pork Claypot不是只靠第一口取胜，后段味道也有记忆点。","384db31755f9261bf7f2cf66"
"29","香源砂锅菜Casserole Dishes","BELL","1353","Yuxiang Shredded Pork Claypot","10","夯爆了","2","7","日常满足","[示例评价] 想吃得踏实的时候可以点Yuxiang Shredded Pork Claypot：猪肉、鱼肉、锅物让味道有内容，分量和满足感也比较适合日常解决一餐。","3a7d7f279e27d53a5c7d167f"
"29","香源砂锅菜Casserole Dishes","BELL","1354","Sweet and Sour Pork Claypot","7","NPC","1","8","口味建议","[示例评价] 如果平时喜欢猪肉、锅物、甜味，这道Sweet and Sour Pork Claypot值得试试；怕重口的话先从少辣、少酱开始，更容易吃到原本的味道。","b1ff4f469ca33fad35baf37b"
"29","香源砂锅菜Casserole Dishes","BELL","1354","Sweet and Sour Pork Claypot","7","NPC","2","9","场景感受","[示例评价] 一个人吃Sweet and Sour Pork Claypot很顺手，和朋友分着吃也不会无聊；猪肉、锅物、甜味的味道够明确，聊天间隙也能吃出滋味。","30e62d8838c41d98af5df12f"
"30","Starbuck星巴克","BELL","1405","Vanilla Latte (Grande)","6","拉完了","1","3","口感变化","[示例评价] 这道Vanilla Latte (Grande)有意思的地方在口感变化：咖啡带来不同的咀嚼感，慢慢吃比急着吞更能尝出细节。","f0bbf8ca34f94129d96d8a96"
"30","Starbuck星巴克","BELL","1405","Vanilla Latte (Grande)","7","NPC","2","4","香气表现","[示例评价] 端上来时咖啡的香气很先声夺人，入口后味道也跟得上；作为一餐里的主角很合适。","efa927d13153040a430a7aec"
"30","Starbuck星巴克","BELL","1406","Vanilla Latte (Venti)","9","顶级","1","4","香气表现","[示例评价] 端上来时咖啡的香气很先声夺人，入口后味道也跟得上；作为一餐里的主角很合适。","5555c39d1075dc7d625db4cc"
"30","Starbuck星巴克","BELL","1406","Vanilla Latte (Venti)","6","拉完了","2","5","食材搭配","[示例评价] 从咖啡的搭配看，食材之间没有互相抢味，Vanilla Latte (Venti)吃起来有自己的重点，配一杯清饮会更舒服。","8c137264bcb231d6dfed739f"
"30","Starbuck星巴克","BELL","1407","Baileys Hot Chocolate (Grande)","7","NPC","1","6","收尾回味","[示例评价] 咽下去以后还能留住一点甜味的回味，Baileys Hot Chocolate (Grande)不是只靠第一口取胜，后段味道也有记忆点。","0ccc592c9d8d8d12f26e06d9"
"30","Starbuck星巴克","BELL","1407","Baileys Hot Chocolate (Grande)","10","夯爆了","2","7","日常满足","[示例评价] 想吃得踏实的时候可以点Baileys Hot Chocolate (Grande)：甜味让味道有内容，分量和满足感也比较适合日常解决一餐。","574c3ae9b166d55bfb549220"
"30","Starbuck星巴克","BELL","1408","Baileys Hot Chocolate (Venti)","6","拉完了","1","4","香气表现","[示例评价] 端上来时甜味的香气很先声夺人，入口后味道也跟得上；作为一餐里的主角很合适。","13859c83154c5a3189403476"
"30","Starbuck星巴克","BELL","1408","Baileys Hot Chocolate (Venti)","8","人上人","2","5","食材搭配","[示例评价] 从甜味的搭配看，食材之间没有互相抢味，Baileys Hot Chocolate (Venti)吃起来有自己的重点，配一杯清饮会更舒服。","5fe524aee525fdb4076d20f6"
"30","Starbuck星巴克","BELL","1409","White Mocha Latte (Grande)","7","NPC","1","4","香气表现","[示例评价] 端上来时咖啡的香气很先声夺人，入口后味道也跟得上；作为一餐里的主角很合适。","371192d41127591e8694e2d3"
"30","Starbuck星巴克","BELL","1409","White Mocha Latte (Grande)","8","人上人","2","5","食材搭配","[示例评价] 从咖啡的搭配看，食材之间没有互相抢味，White Mocha Latte (Grande)吃起来有自己的重点，配一杯清饮会更舒服。","a6d165762f61a56ea884ef44"
"31","一碟一味one plate one flavor","LY3","1454","Grilled Chicken Breast","7","NPC","1","7","日常满足","[示例评价] 想吃得踏实的时候可以点Grilled Chicken Breast：鸡肉、烤制香气让味道有内容，分量和满足感也比较适合日常解决一餐。","536ac75b039bcf925ea3d6e6"
"31","一碟一味one plate one flavor","LY3","1454","Grilled Chicken Breast","6","拉完了","2","8","口味建议","[示例评价] 如果平时喜欢鸡肉、烤制香气，这道Grilled Chicken Breast值得试试；怕重口的话先从少辣、少酱开始，更容易吃到原本的味道。","83648a66cfdc198b7cfa67d9"
"31","一碟一味one plate one flavor","LY3","1455","Grilled Chicken Chop (510g x2)","8","人上人","1","7","日常满足","[示例评价] 想吃得踏实的时候可以点Grilled Chicken Chop (510g x2)：鸡肉、烤制香气让味道有内容，分量和满足感也比较适合日常解决一餐。","4c7d0c4d8e432acbd7f1d7a8"
"31","一碟一味one plate one flavor","LY3","1455","Grilled Chicken Chop (510g x2)","6","拉完了","2","8","口味建议","[示例评价] 如果平时喜欢鸡肉、烤制香气，这道Grilled Chicken Chop (510g x2)值得试试；怕重口的话先从少辣、少酱开始，更容易吃到原本的味道。","41f6a4073f90f1ce9392859c"
"31","一碟一味one plate one flavor","LY3","1456","Cooked Fresh Prawn (4pcs)","9","顶级","1","2","风味平衡","[示例评价] Cooked Fresh Prawn (4pcs)把虾的味道收得比较平衡，不会只剩单一的咸或甜；喜欢清爽口味的话可以少加酱汁。","2d13c25aa33f7d09cef8c9e9"
"31","一碟一味one plate one flavor","LY3","1456","Cooked Fresh Prawn (4pcs)","7","NPC","2","3","口感变化","[示例评价] 这道Cooked Fresh Prawn (4pcs)有意思的地方在口感变化：虾带来不同的咀嚼感，慢慢吃比急着吞更能尝出细节。","29e4556b96876170e5c85f4e"
"31","一碟一味one plate one flavor","LY3","1457","Baked Egg","9","顶级","1","3","口感变化","[示例评价] 这道Baked Egg有意思的地方在口感变化：鸡蛋带来不同的咀嚼感，慢慢吃比急着吞更能尝出细节。","92bad5c509b3b76d7b1b50e6"
"31","一碟一味one plate one flavor","LY3","1457","Baked Egg","7","NPC","2","4","香气表现","[示例评价] 端上来时鸡蛋的香气很先声夺人，入口后味道也跟得上；作为一餐里的主角很合适。","6e339b8214b28329ad036d78"
"31","一碟一味one plate one flavor","LY3","1458","Chicken Burger Wrap (Chicken Breast)","6","拉完了","1","1","第一口印象","[示例评价] 第一口先尝到鸡肉、汉堡、烤制香气的味道，层次很清楚；Chicken Burger Wrap (Chicken Breast)适合趁热吃，香气会更完整。","cfd902c9219cd0e9de9f52c2"
"31","一碟一味one plate one flavor","LY3","1458","Chicken Burger Wrap (Chicken Breast)","9","顶级","2","2","风味平衡","[示例评价] Chicken Burger Wrap (Chicken Breast)把鸡肉、汉堡、烤制香气的味道收得比较平衡，不会只剩单一的咸或甜；喜欢清爽口味的话可以少加酱汁。","7ef87faf776624ca12df22cc"
"32","百家牛肉面Beef noodles","BELL","1480","Spicy Chicken Wings","10","夯爆了","1","1","第一口印象","[示例评价] 第一口先尝到鸡肉、辣味的味道，层次很清楚；Spicy Chicken Wings适合趁热吃，香气会更完整。","4c8faeaa417bcfdef768b98b"
"32","百家牛肉面Beef noodles","BELL","1480","Spicy Chicken Wings","9","顶级","2","2","风味平衡","[示例评价] Spicy Chicken Wings把鸡肉、辣味的味道收得比较平衡，不会只剩单一的咸或甜；喜欢清爽口味的话可以少加酱汁。","4d4f9f068b7bdd649f8d1848"
"32","百家牛肉面Beef noodles","BELL","1481","Orleans Grilled Chicken Wings","7","NPC","1","1","第一口印象","[示例评价] 第一口先尝到鸡肉、烤制香气的味道，层次很清楚；Orleans Grilled Chicken Wings适合趁热吃，香气会更完整。","96c9a6d3d5e66e4cc83a5cb3"
"32","百家牛肉面Beef noodles","BELL","1481","Orleans Grilled Chicken Wings","9","顶级","2","2","风味平衡","[示例评价] Orleans Grilled Chicken Wings把鸡肉、烤制香气的味道收得比较平衡，不会只剩单一的咸或甜；喜欢清爽口味的话可以少加酱汁。","270007b0061a6decf3709766"
"32","百家牛肉面Beef noodles","BELL","1482","French Fries","8","人上人","1","1","第一口印象","[示例评价] 第一口先尝到整体风味的味道，层次很清楚；French Fries适合趁热吃，香气会更完整。","3b85a2a442c781f6226ab008"
"32","百家牛肉面Beef noodles","BELL","1482","French Fries","6","拉完了","2","2","风味平衡","[示例评价] French Fries把整体风味的味道收得比较平衡，不会只剩单一的咸或甜；喜欢清爽口味的话可以少加酱汁。","d51f842713248b0bed4d1cb5"
"32","百家牛肉面Beef noodles","BELL","1483","Popcorn Chicken","10","夯爆了","1","9","场景感受","[示例评价] 一个人吃Popcorn Chicken很顺手，和朋友分着吃也不会无聊；鸡肉、玉米的味道够明确，聊天间隙也能吃出滋味。","2b2485b36fd567848398cdb5"
"32","百家牛肉面Beef noodles","BELL","1483","Popcorn Chicken","7","NPC","2","10","复购判断","[示例评价] 这道Popcorn Chicken的优点是鸡肉、玉米各有分工，吃完不会觉得味道散；如果这次合口味，下次还会想再点。","7ca171c98fe48ea9b5469746"
"32","百家牛肉面Beef noodles","BELL","1484","Colonel's Chicken","9","顶级","1","5","食材搭配","[示例评价] 从鸡肉的搭配看，食材之间没有互相抢味，Colonel's Chicken吃起来有自己的重点，配一杯清饮会更舒服。","45e508cb3ac5ea74b9451034"
"32","百家牛肉面Beef noodles","BELL","1484","Colonel's Chicken","7","NPC","2","6","收尾回味","[示例评价] 咽下去以后还能留住一点鸡肉的回味，Colonel's Chicken不是只靠第一口取胜，后段味道也有记忆点。","ca42edffa821fd7cf1bb69f8"
"33","一口甜 one bite sweet","LY3","1561","Blueberry Cranberry Bagel","6","拉完了","1","6","收尾回味","[示例评价] 咽下去以后还能留住一点奶香的回味，Blueberry Cranberry Bagel不是只靠第一口取胜，后段味道也有记忆点。","65211c70f772e0d4532de13b"
"33","一口甜 one bite sweet","LY3","1561","Blueberry Cranberry Bagel","6","拉完了","2","7","日常满足","[示例评价] 想吃得踏实的时候可以点Blueberry Cranberry Bagel：奶香让味道有内容，分量和满足感也比较适合日常解决一餐。","d0ff716d235e70b85038727a"
"33","一口甜 one bite sweet","LY3","1562","Earl Grey Apple Bagel","8","人上人","1","7","日常满足","[示例评价] 想吃得踏实的时候可以点Earl Grey Apple Bagel：苹果让味道有内容，分量和满足感也比较适合日常解决一餐。","8c18597b83ed8a5de5ae3173"
"33","一口甜 one bite sweet","LY3","1562","Earl Grey Apple Bagel","9","顶级","2","8","口味建议","[示例评价] 如果平时喜欢苹果，这道Earl Grey Apple Bagel值得试试；怕重口的话先从少辣、少酱开始，更容易吃到原本的味道。","89eebfd99a2b500f5740d3c0"
"33","一口甜 one bite sweet","LY3","1563","Double Cheese Bagel","10","夯爆了","1","7","日常满足","[示例评价] 想吃得踏实的时候可以点Double Cheese Bagel：整体风味让味道有内容，分量和满足感也比较适合日常解决一餐。","51830ff81da8ac86dea5e0d5"
"33","一口甜 one bite sweet","LY3","1563","Double Cheese Bagel","9","顶级","2","8","口味建议","[示例评价] 如果平时喜欢整体风味，这道Double Cheese Bagel值得试试；怕重口的话先从少辣、少酱开始，更容易吃到原本的味道。","b341aa03ac07a4d1c108b875"
"33","一口甜 one bite sweet","LY3","1564","Earl Grey Lemon Cheese Bagel","9","顶级","1","6","收尾回味","[示例评价] 咽下去以后还能留住一点奶香的回味，Earl Grey Lemon Cheese Bagel不是只靠第一口取胜，后段味道也有记忆点。","8d03d25d8b2264788fe4cce2"
"33","一口甜 one bite sweet","LY3","1564","Earl Grey Lemon Cheese Bagel","6","拉完了","2","7","日常满足","[示例评价] 想吃得踏实的时候可以点Earl Grey Lemon Cheese Bagel：奶香让味道有内容，分量和满足感也比较适合日常解决一餐。","18fa7c2ec26c492eda40e28e"
"33","一口甜 one bite sweet","LY3","1565","Mocha Oreo Bagel","10","夯爆了","1","3","口感变化","[示例评价] 这道Mocha Oreo Bagel有意思的地方在口感变化：整体风味带来不同的咀嚼感，慢慢吃比急着吞更能尝出细节。","d6e48aab2aa30d33c2f40ecf"
"33","一口甜 one bite sweet","LY3","1565","Mocha Oreo Bagel","10","夯爆了","2","4","香气表现","[示例评价] 端上来时整体风味的香气很先声夺人，入口后味道也跟得上；作为一餐里的主角很合适。","5ab258786c635992ac377184"
"34","一口云 YI KOUYUN","LY3","1594","Kuey Teow Soup","8","人上人","1","7","日常满足","[示例评价] 想吃得踏实的时候可以点Kuey Teow Soup：汤让味道有内容，分量和满足感也比较适合日常解决一餐。","96f691007f65b375ab9f5bc5"
"34","一口云 YI KOUYUN","LY3","1594","Kuey Teow Soup","9","顶级","2","8","口味建议","[示例评价] 如果平时喜欢汤，这道Kuey Teow Soup值得试试；怕重口的话先从少辣、少酱开始，更容易吃到原本的味道。","371f48efcb9cf3989cc6278d"
"34","一口云 YI KOUYUN","LY3","1595","Kuey Teow Dry","6","拉完了","1","7","日常满足","[示例评价] 想吃得踏实的时候可以点Kuey Teow Dry：整体风味让味道有内容，分量和满足感也比较适合日常解决一餐。","92acf24b8ae710615929a097"
"34","一口云 YI KOUYUN","LY3","1595","Kuey Teow Dry","7","NPC","2","8","口味建议","[示例评价] 如果平时喜欢整体风味，这道Kuey Teow Dry值得试试；怕重口的话先从少辣、少酱开始，更容易吃到原本的味道。","e6e75166146e84de58f2b957"
"34","一口云 YI KOUYUN","LY3","1596","Fishball Mee Soup","7","NPC","1","2","风味平衡","[示例评价] Fishball Mee Soup把鱼肉、面条、汤的味道收得比较平衡，不会只剩单一的咸或甜；喜欢清爽口味的话可以少加酱汁。","2ae297974ab7229ffdd18b3b"
"34","一口云 YI KOUYUN","LY3","1596","Fishball Mee Soup","7","NPC","2","3","口感变化","[示例评价] 这道Fishball Mee Soup有意思的地方在口感变化：鱼肉、面条、汤带来不同的咀嚼感，慢慢吃比急着吞更能尝出细节。","bab4900149a1ea28d87b9737"
"34","一口云 YI KOUYUN","LY3","1597","Fishball Mee Dry","7","NPC","1","8","口味建议","[示例评价] 如果平时喜欢鱼肉、面条，这道Fishball Mee Dry值得试试；怕重口的话先从少辣、少酱开始，更容易吃到原本的味道。","6819d2ca1f2a01ddb9b6ee8c"
"34","一口云 YI KOUYUN","LY3","1597","Fishball Mee Dry","6","拉完了","2","9","场景感受","[示例评价] 一个人吃Fishball Mee Dry很顺手，和朋友分着吃也不会无聊；鱼肉、面条的味道够明确，聊天间隙也能吃出滋味。","623b24b7cb3d27936ad95cf4"
"34","一口云 YI KOUYUN","LY3","1598","Wantan Mee Soup","7","NPC","1","7","日常满足","[示例评价] 想吃得踏实的时候可以点Wantan Mee Soup：面条、汤让味道有内容，分量和满足感也比较适合日常解决一餐。","7ce9edab756114c965ef86d5"
"34","一口云 YI KOUYUN","LY3","1598","Wantan Mee Soup","10","夯爆了","2","8","口味建议","[示例评价] 如果平时喜欢面条、汤，这道Wantan Mee Soup值得试试；怕重口的话先从少辣、少酱开始，更容易吃到原本的味道。","be14931819e055e06ce757d2"
"35","Xinjiang restaurant新疆餐厅","BELL","1614","Braised Beef Noodles in Brown Sauce","6","拉完了","1","5","食材搭配","[示例评价] 从牛肉、面条的搭配看，食材之间没有互相抢味，Braised Beef Noodles in Brown Sauce吃起来有自己的重点，配一杯清饮会更舒服。","2a486e02bc228ba3178bf9dc"
"35","Xinjiang restaurant新疆餐厅","BELL","1614","Braised Beef Noodles in Brown Sauce","8","人上人","2","6","收尾回味","[示例评价] 咽下去以后还能留住一点牛肉、面条的回味，Braised Beef Noodles in Brown Sauce不是只靠第一口取胜，后段味道也有记忆点。","709770f1f453dc26208eb1d4"
"35","Xinjiang restaurant新疆餐厅","BELL","1615","Traditional Beef/Chicken Noodles","9","顶级","1","1","第一口印象","[示例评价] 第一口先尝到牛肉、鸡肉、面条的味道，层次很清楚；Traditional Beef/Chicken Noodles适合趁热吃，香气会更完整。","72380cd474f4a97c8b119ecb"
"35","Xinjiang restaurant新疆餐厅","BELL","1615","Traditional Beef/Chicken Noodles","10","夯爆了","2","2","风味平衡","[示例评价] Traditional Beef/Chicken Noodles把牛肉、鸡肉、面条的味道收得比较平衡，不会只剩单一的咸或甜；喜欢清爽口味的话可以少加酱汁。","e983128745b74a6dda4c23ef"
"35","Xinjiang restaurant新疆餐厅","BELL","1616","Beef Noodles with Pickled Chinese Cabbage","9","顶级","1","3","口感变化","[示例评价] 这道Beef Noodles with Pickled Chinese Cabbage有意思的地方在口感变化：牛肉、鸡肉、面条带来不同的咀嚼感，慢慢吃比急着吞更能尝出细节。","74c89c566d32eb32a23d4537"
"35","Xinjiang restaurant新疆餐厅","BELL","1616","Beef Noodles with Pickled Chinese Cabbage","8","人上人","2","4","香气表现","[示例评价] 端上来时牛肉、鸡肉、面条的香气很先声夺人，入口后味道也跟得上；作为一餐里的主角很合适。","9be23426c94e56434b1fc6c0"
"35","Xinjiang restaurant新疆餐厅","BELL","1617","Fried Lamian Noodles with Beef/Chicken","9","顶级","1","6","收尾回味","[示例评价] 咽下去以后还能留住一点牛肉、鸡肉、面条、酥脆口感的回味，Fried Lamian Noodles with Beef/Chicken不是只靠第一口取胜，后段味道也有记忆点。","5df80e101f8c4fe7c373400f"
"35","Xinjiang restaurant新疆餐厅","BELL","1617","Fried Lamian Noodles with Beef/Chicken","8","人上人","2","7","日常满足","[示例评价] 想吃得踏实的时候可以点Fried Lamian Noodles with Beef/Chicken：牛肉、鸡肉、面条、酥脆口感让味道有内容，分量和满足感也比较适合日常解决一餐。","779ac5fafb7aa81983fc6ff4"
"35","Xinjiang restaurant新疆餐厅","BELL","1618","Mixed Noodles with Shredded Meat","8","人上人","1","7","日常满足","[示例评价] 想吃得踏实的时候可以点Mixed Noodles with Shredded Meat：面条让味道有内容，分量和满足感也比较适合日常解决一餐。","35d7ce6e47721453fea549bb"
"35","Xinjiang restaurant新疆餐厅","BELL","1618","Mixed Noodles with Shredded Meat","7","NPC","2","8","口味建议","[示例评价] 如果平时喜欢面条，这道Mixed Noodles with Shredded Meat值得试试；怕重口的话先从少辣、少酱开始，更容易吃到原本的味道。","9031805ae6dcdd93a8abf0a3"
"36","笆篱世家大排档Food Stall","BELL","1708","Cheese Green Tea","10","夯爆了","1","7","日常满足","[示例评价] 想吃得踏实的时候可以点Cheese Green Tea：茶让味道有内容，分量和满足感也比较适合日常解决一餐。","939172ecea46a79403273910"
"36","笆篱世家大排档Food Stall","BELL","1708","Cheese Green Tea","8","人上人","2","8","口味建议","[示例评价] 如果平时喜欢茶，这道Cheese Green Tea值得试试；怕重口的话先从少辣、少酱开始，更容易吃到原本的味道。","d45ffa7241669cfa6d2d4706"
"36","笆篱世家大排档Food Stall","BELL","1709","Cheese Black Tea","7","NPC","1","10","复购判断","[示例评价] 这道Cheese Black Tea的优点是茶各有分工，吃完不会觉得味道散；如果这次合口味，下次还会想再点。","b2e39ae2a93ace05c104773d"
"36","笆篱世家大排档Food Stall","BELL","1709","Cheese Black Tea","9","顶级","2","1","第一口印象","[示例评价] 第一口先尝到茶的味道，层次很清楚；Cheese Black Tea适合趁热吃，香气会更完整。","1c4776ed964ace586e5ffb3d"
"36","笆篱世家大排档Food Stall","BELL","1710","Black Bubble Fresh Milk","8","人上人","1","8","口味建议","[示例评价] 如果平时喜欢奶香，这道Black Bubble Fresh Milk值得试试；怕重口的话先从少辣、少酱开始，更容易吃到原本的味道。","918a64facb973afae5f660ad"
"36","笆篱世家大排档Food Stall","BELL","1710","Black Bubble Fresh Milk","6","拉完了","2","9","场景感受","[示例评价] 一个人吃Black Bubble Fresh Milk很顺手，和朋友分着吃也不会无聊；奶香的味道够明确，聊天间隙也能吃出滋味。","2aa412e52e9f2aae40b2bbde"
"36","笆篱世家大排档Food Stall","BELL","1711","Oreo Black Bubble Fresh Milk","8","人上人","1","5","食材搭配","[示例评价] 从奶香的搭配看，食材之间没有互相抢味，Oreo Black Bubble Fresh Milk吃起来有自己的重点，配一杯清饮会更舒服。","a9142402e8cd9553495cd1ae"
"36","笆篱世家大排档Food Stall","BELL","1711","Oreo Black Bubble Fresh Milk","8","人上人","2","6","收尾回味","[示例评价] 咽下去以后还能留住一点奶香的回味，Oreo Black Bubble Fresh Milk不是只靠第一口取胜，后段味道也有记忆点。","fd2c87a226804a8d5e0be1fd"
"36","笆篱世家大排档Food Stall","BELL","1712","Taro Green Milk Tea","9","顶级","1","2","风味平衡","[示例评价] Taro Green Milk Tea把茶、奶香的味道收得比较平衡，不会只剩单一的咸或甜；喜欢清爽口味的话可以少加酱汁。","8d38416cd51fcb7f33a11295"
"36","笆篱世家大排档Food Stall","BELL","1712","Taro Green Milk Tea","7","NPC","2","3","口感变化","[示例评价] 这道Taro Green Milk Tea有意思的地方在口感变化：茶、奶香带来不同的咀嚼感，慢慢吃比急着吞更能尝出细节。","3e7c4dc0b7a90e265800187c"
"37","马中南洋餐厅Nanyang Restaurant","BELL","1741","Roasted Chicken Rice","6","拉完了","1","6","收尾回味","[示例评价] 咽下去以后还能留住一点鸡肉、米饭、烤制香气的回味，Roasted Chicken Rice不是只靠第一口取胜，后段味道也有记忆点。","0ada01a00d441bb30d8f37db"
"37","马中南洋餐厅Nanyang Restaurant","BELL","1741","Roasted Chicken Rice","7","NPC","2","7","日常满足","[示例评价] 想吃得踏实的时候可以点Roasted Chicken Rice：鸡肉、米饭、烤制香气让味道有内容，分量和满足感也比较适合日常解决一餐。","fc0b5d4611083312e2569229"
"37","马中南洋餐厅Nanyang Restaurant","BELL","1742","Roasted Chicken Drumstick Rice","7","NPC","1","7","日常满足","[示例评价] 想吃得踏实的时候可以点Roasted Chicken Drumstick Rice：鸡肉、米饭、烤制香气让味道有内容，分量和满足感也比较适合日常解决一餐。","df9fe4d1ba8327d43d138e44"
"37","马中南洋餐厅Nanyang Restaurant","BELL","1742","Roasted Chicken Drumstick Rice","8","人上人","2","8","口味建议","[示例评价] 如果平时喜欢鸡肉、米饭、烤制香气，这道Roasted Chicken Drumstick Rice值得试试；怕重口的话先从少辣、少酱开始，更容易吃到原本的味道。","792358e631b713467eaa497c"
"37","马中南洋餐厅Nanyang Restaurant","BELL","1743","Roasted Chicken Thigh Rice","7","NPC","1","9","场景感受","[示例评价] 一个人吃Roasted Chicken Thigh Rice很顺手，和朋友分着吃也不会无聊；鸡肉、米饭、烤制香气的味道够明确，聊天间隙也能吃出滋味。","26736b9889228b6884a55ec1"
"37","马中南洋餐厅Nanyang Restaurant","BELL","1743","Roasted Chicken Thigh Rice","7","NPC","2","10","复购判断","[示例评价] 这道Roasted Chicken Thigh Rice的优点是鸡肉、米饭、烤制香气各有分工，吃完不会觉得味道散；如果这次合口味，下次还会想再点。","ca079f6156f49f18c1ab9ce4"
"37","马中南洋餐厅Nanyang Restaurant","BELL","1744","Roasted Chicken Thigh + Cha Siew Rice","10","夯爆了","1","9","场景感受","[示例评价] 一个人吃Roasted Chicken Thigh + Cha Siew Rice很顺手，和朋友分着吃也不会无聊；鸡肉、猪肉、米饭、烤制香气的味道够明确，聊天间隙也能吃出滋味。","fab9a386b386c9f1b3cd22ee"
"37","马中南洋餐厅Nanyang Restaurant","BELL","1744","Roasted Chicken Thigh + Cha Siew Rice","6","拉完了","2","10","复购判断","[示例评价] 这道Roasted Chicken Thigh + Cha Siew Rice的优点是鸡肉、猪肉、米饭、烤制香气各有分工，吃完不会觉得味道散；如果这次合口味，下次还会想再点。","4c6d6a597902cea78ad4d611"
"37","马中南洋餐厅Nanyang Restaurant","BELL","1745","Roasted Chicken Thigh + Roasted Pork Rice","6","拉完了","1","7","日常满足","[示例评价] 想吃得踏实的时候可以点Roasted Chicken Thigh + Roasted Pork Rice：鸡肉、猪肉、米饭、烤制香气让味道有内容，分量和满足感也比较适合日常解决一餐。","b316d9433369e742e7093d50"
"37","马中南洋餐厅Nanyang Restaurant","BELL","1745","Roasted Chicken Thigh + Roasted Pork Rice","10","夯爆了","2","8","口味建议","[示例评价] 如果平时喜欢鸡肉、猪肉、米饭、烤制香气，这道Roasted Chicken Thigh + Roasted Pork Rice值得试试；怕重口的话先从少辣、少酱开始，更容易吃到原本的味道。","188f91efece3482b07b783cb"
"38","茶白道Cha baidao","BELL","1831","Avocado Kale Mango Smoothie","6","拉完了","1","6","收尾回味","[示例评价] 咽下去以后还能留住一点芒果、牛油果的回味，Avocado Kale Mango Smoothie不是只靠第一口取胜，后段味道也有记忆点。","9eca01c296c44c20b592edbe"
"38","茶白道Cha baidao","BELL","1831","Avocado Kale Mango Smoothie","10","夯爆了","2","7","日常满足","[示例评价] 想吃得踏实的时候可以点Avocado Kale Mango Smoothie：芒果、牛油果让味道有内容，分量和满足感也比较适合日常解决一餐。","fd8807f9ae86b529f6fcd20e"
"38","茶白道Cha baidao","BELL","1832","Avocado Kale Yogurt with Chia Seed & Oat Popping Boba","8","人上人","1","3","口感变化","[示例评价] 这道Avocado Kale Yogurt with Chia Seed & Oat Popping Boba有意思的地方在口感变化：牛油果、奶香带来不同的咀嚼感，慢慢吃比急着吞更能尝出细节。","c2322832b4c356ced639cb21"
"38","茶白道Cha baidao","BELL","1832","Avocado Kale Yogurt with Chia Seed & Oat Popping Boba","7","NPC","2","4","香气表现","[示例评价] 端上来时牛油果、奶香的香气很先声夺人，入口后味道也跟得上；作为一餐里的主角很合适。","d8e60df85635f169560110c6"
"38","茶白道Cha baidao","BELL","1833","Gardenia Dew Fresh Milk Tea","7","NPC","1","4","香气表现","[示例评价] 端上来时茶、奶香的香气很先声夺人，入口后味道也跟得上；作为一餐里的主角很合适。","bb5e69c6bae699f9e9cab798"
"38","茶白道Cha baidao","BELL","1833","Gardenia Dew Fresh Milk Tea","6","拉完了","2","5","食材搭配","[示例评价] 从茶、奶香的搭配看，食材之间没有互相抢味，Gardenia Dew Fresh Milk Tea吃起来有自己的重点，配一杯清饮会更舒服。","9a96f9ac9292be8c133dfffe"
"38","茶白道Cha baidao","BELL","1834","Gardenia Dew Fresh Milk Tea","9","顶级","1","7","日常满足","[示例评价] 想吃得踏实的时候可以点Gardenia Dew Fresh Milk Tea：茶、奶香让味道有内容，分量和满足感也比较适合日常解决一餐。","4d0ef1b19ea49041e56d8ba0"
"38","茶白道Cha baidao","BELL","1834","Gardenia Dew Fresh Milk Tea","10","夯爆了","2","8","口味建议","[示例评价] 如果平时喜欢茶、奶香，这道Gardenia Dew Fresh Milk Tea值得试试；怕重口的话先从少辣、少酱开始，更容易吃到原本的味道。","b7d13a9e134ae7ba2a0b511b"
"38","茶白道Cha baidao","BELL","1835","Oolong Fresh Milk Tea","9","顶级","1","7","日常满足","[示例评价] 想吃得踏实的时候可以点Oolong Fresh Milk Tea：茶、奶香让味道有内容，分量和满足感也比较适合日常解决一餐。","8a36c330491978bf732de7fb"
"38","茶白道Cha baidao","BELL","1835","Oolong Fresh Milk Tea","7","NPC","2","8","口味建议","[示例评价] 如果平时喜欢茶、奶香，这道Oolong Fresh Milk Tea值得试试；怕重口的话先从少辣、少酱开始，更容易吃到原本的味道。","abf13e091fa07ab00bd719eb"
"39","点点点","LY3","1875","Two-Fried-Egg Vegetable Sandwich (Half)","8","人上人","1","8","口味建议","[示例评价] 如果平时喜欢鸡蛋、酥脆口感，这道Two-Fried-Egg Vegetable Sandwich (Half)值得试试；怕重口的话先从少辣、少酱开始，更容易吃到原本的味道。","a510ba6b7bd3cbb67b6a66ac"
"39","点点点","LY3","1875","Two-Fried-Egg Vegetable Sandwich (Half)","7","NPC","2","9","场景感受","[示例评价] 一个人吃Two-Fried-Egg Vegetable Sandwich (Half)很顺手，和朋友分着吃也不会无聊；鸡蛋、酥脆口感的味道够明确，聊天间隙也能吃出滋味。","41606c7bf72527d9ee745235"
"39","点点点","LY3","1876","Two-Fried-Egg Vegetable Sandwich (Whole)","7","NPC","1","6","收尾回味","[示例评价] 咽下去以后还能留住一点鸡蛋、酥脆口感的回味，Two-Fried-Egg Vegetable Sandwich (Whole)不是只靠第一口取胜，后段味道也有记忆点。","8dd37d292e5ed9445c3ee689"
"39","点点点","LY3","1876","Two-Fried-Egg Vegetable Sandwich (Whole)","10","夯爆了","2","7","日常满足","[示例评价] 想吃得踏实的时候可以点Two-Fried-Egg Vegetable Sandwich (Whole)：鸡蛋、酥脆口感让味道有内容，分量和满足感也比较适合日常解决一餐。","f60320ab390de2fc3a5718d2"
"39","点点点","LY3","1877","Pan-fried Chicken Cutlet Pineapple Sandwich (Half)","7","NPC","1","5","食材搭配","[示例评价] 从鸡肉、苹果、酥脆口感的搭配看，食材之间没有互相抢味，Pan-fried Chicken Cutlet Pineapple Sandwich (Half)吃起来有自己的重点，配一杯清饮会更舒服。","fa9f01325b0268e8941c78c4"
"39","点点点","LY3","1877","Pan-fried Chicken Cutlet Pineapple Sandwich (Half)","10","夯爆了","2","6","收尾回味","[示例评价] 咽下去以后还能留住一点鸡肉、苹果、酥脆口感的回味，Pan-fried Chicken Cutlet Pineapple Sandwich (Half)不是只靠第一口取胜，后段味道也有记忆点。","25cbc97afb4f043a6b8a85b0"
"39","点点点","LY3","1878","Pan-fried Chicken Cutlet Pineapple Sandwich (Whole)","10","夯爆了","1","5","食材搭配","[示例评价] 从鸡肉、苹果、酥脆口感的搭配看，食材之间没有互相抢味，Pan-fried Chicken Cutlet Pineapple Sandwich (Whole)吃起来有自己的重点，配一杯清饮会更舒服。","590ecf14993250971ca516c7"
"39","点点点","LY3","1878","Pan-fried Chicken Cutlet Pineapple Sandwich (Whole)","10","夯爆了","2","6","收尾回味","[示例评价] 咽下去以后还能留住一点鸡肉、苹果、酥脆口感的回味，Pan-fried Chicken Cutlet Pineapple Sandwich (Whole)不是只靠第一口取胜，后段味道也有记忆点。","e9f8430c8540394502338a82"
"39","点点点","LY3","1879","Tuna Mash Potato Sandwich (Half)","10","夯爆了","1","8","口味建议","[示例评价] 如果平时喜欢鱼肉、土豆，这道Tuna Mash Potato Sandwich (Half)值得试试；怕重口的话先从少辣、少酱开始，更容易吃到原本的味道。","d135ee86948f298e4a87046a"
"39","点点点","LY3","1879","Tuna Mash Potato Sandwich (Half)","9","顶级","2","9","场景感受","[示例评价] 一个人吃Tuna Mash Potato Sandwich (Half)很顺手，和朋友分着吃也不会无聊；鱼肉、土豆的味道够明确，聊天间隙也能吃出滋味。","c295335dcab1397f0c517630"
"40","爆汁炸鸡堡Burger","LY3","1908","Whole Fried Chicken","9","顶级","1","6","收尾回味","[示例评价] 咽下去以后还能留住一点鸡肉、酥脆口感的回味，Whole Fried Chicken不是只靠第一口取胜，后段味道也有记忆点。","04a8f56f311aa79b6792a6bc"
"40","爆汁炸鸡堡Burger","LY3","1908","Whole Fried Chicken","7","NPC","2","7","日常满足","[示例评价] 想吃得踏实的时候可以点Whole Fried Chicken：鸡肉、酥脆口感让味道有内容，分量和满足感也比较适合日常解决一餐。","80c98e26ca06a0090ffa4eb1"
"40","爆汁炸鸡堡Burger","LY3","1909","Roasted whole chicken","10","夯爆了","1","5","食材搭配","[示例评价] 从鸡肉、烤制香气的搭配看，食材之间没有互相抢味，Roasted whole chicken吃起来有自己的重点，配一杯清饮会更舒服。","f3cb0626848457aba45ddfa4"
"40","爆汁炸鸡堡Burger","LY3","1909","Roasted whole chicken","7","NPC","2","6","收尾回味","[示例评价] 咽下去以后还能留住一点鸡肉、烤制香气的回味，Roasted whole chicken不是只靠第一口取胜，后段味道也有记忆点。","56cc112dc499dcf94a13597a"
"40","爆汁炸鸡堡Burger","LY3","1910","Crispy Half Chicken Set Meal","9","顶级","1","2","风味平衡","[示例评价] Crispy Half Chicken Set Meal把鸡肉、酥脆口感的味道收得比较平衡，不会只剩单一的咸或甜；喜欢清爽口味的话可以少加酱汁。","fe13b14567a0b431e42a54da"
"40","爆汁炸鸡堡Burger","LY3","1910","Crispy Half Chicken Set Meal","8","人上人","2","3","口感变化","[示例评价] 这道Crispy Half Chicken Set Meal有意思的地方在口感变化：鸡肉、酥脆口感带来不同的咀嚼感，慢慢吃比急着吞更能尝出细节。","66157863db1fce1c7d8b6226"
"40","爆汁炸鸡堡Burger","LY3","1911","Half Roasted Chicken with Rice Set Meal","6","拉完了","1","10","复购判断","[示例评价] 这道Half Roasted Chicken with Rice Set Meal的优点是鸡肉、米饭、烤制香气各有分工，吃完不会觉得味道散；如果这次合口味，下次还会想再点。","2d4f1290a765c28b1e93d224"
"40","爆汁炸鸡堡Burger","LY3","1911","Half Roasted Chicken with Rice Set Meal","9","顶级","2","1","第一口印象","[示例评价] 第一口先尝到鸡肉、米饭、烤制香气的味道，层次很清楚；Half Roasted Chicken with Rice Set Meal适合趁热吃，香气会更完整。","2efe244a2d256363209abe87"
"40","爆汁炸鸡堡Burger","LY3","1912","chicken 2-person rice combo","6","拉完了","1","10","复购判断","[示例评价] 这道chicken 2-person rice combo的优点是鸡肉、米饭各有分工，吃完不会觉得味道散；如果这次合口味，下次还会想再点。","caa29c514ec93e65cff24973"
"40","爆汁炸鸡堡Burger","LY3","1912","chicken 2-person rice combo","6","拉完了","2","1","第一口印象","[示例评价] 第一口先尝到鸡肉、米饭的味道，层次很清楚；chicken 2-person rice combo适合趁热吃，香气会更完整。","22b757fd3156f63374ba801d"
"41","Ju Jiao Hotpot & Grill聚椒火锅","BELL","1968","Single Pot Base","10","夯爆了","1","7","日常满足","[示例评价] 想吃得踏实的时候可以点Single Pot Base：整体风味让味道有内容，分量和满足感也比较适合日常解决一餐。","9a3ee0367c974e0221ea9074"
"41","Ju Jiao Hotpot & Grill聚椒火锅","BELL","1968","Single Pot Base","8","人上人","2","8","口味建议","[示例评价] 如果平时喜欢整体风味，这道Single Pot Base值得试试；怕重口的话先从少辣、少酱开始，更容易吃到原本的味道。","8da3b4cae446253db4bd6ebf"
"41","Ju Jiao Hotpot & Grill聚椒火锅","BELL","1969","Double Pot Base","9","顶级","1","9","场景感受","[示例评价] 一个人吃Double Pot Base很顺手，和朋友分着吃也不会无聊；整体风味的味道够明确，聊天间隙也能吃出滋味。","fb42f141e17d9f66236ab761"
"41","Ju Jiao Hotpot & Grill聚椒火锅","BELL","1969","Double Pot Base","10","夯爆了","2","10","复购判断","[示例评价] 这道Double Pot Base的优点是整体风味各有分工，吃完不会觉得味道散；如果这次合口味，下次还会想再点。","af28a15e3d956ed517efddf7"
"41","Ju Jiao Hotpot & Grill聚椒火锅","BELL","1970","Triple Pot Base","9","顶级","1","7","日常满足","[示例评价] 想吃得踏实的时候可以点Triple Pot Base：整体风味让味道有内容，分量和满足感也比较适合日常解决一餐。","1a8cefeec18a55f83a96d4da"
"41","Ju Jiao Hotpot & Grill聚椒火锅","BELL","1970","Triple Pot Base","9","顶级","2","8","口味建议","[示例评价] 如果平时喜欢整体风味，这道Triple Pot Base值得试试；怕重口的话先从少辣、少酱开始，更容易吃到原本的味道。","c59cb3bfc415f7ce537e93c6"
"41","Ju Jiao Hotpot & Grill聚椒火锅","BELL","1971","Single-Serve Hotpot","8","人上人","1","4","香气表现","[示例评价] 端上来时锅物的香气很先声夺人，入口后味道也跟得上；作为一餐里的主角很合适。","387937d4eb13ddb555a3af13"
"41","Ju Jiao Hotpot & Grill聚椒火锅","BELL","1971","Single-Serve Hotpot","6","拉完了","2","5","食材搭配","[示例评价] 从锅物的搭配看，食材之间没有互相抢味，Single-Serve Hotpot吃起来有自己的重点，配一杯清饮会更舒服。","f0a6568c2cf39764440cdea4"
"41","Ju Jiao Hotpot & Grill聚椒火锅","BELL","1972","Exclusive Double-boiled Pot","7","NPC","1","6","收尾回味","[示例评价] 咽下去以后还能留住一点整体风味的回味，Exclusive Double-boiled Pot不是只靠第一口取胜，后段味道也有记忆点。","921703a0f9cb0470ac0217e8"
"41","Ju Jiao Hotpot & Grill聚椒火锅","BELL","1972","Exclusive Double-boiled Pot","8","人上人","2","7","日常满足","[示例评价] 想吃得踏实的时候可以点Exclusive Double-boiled Pot：整体风味让味道有内容，分量和满足感也比较适合日常解决一餐。","fd3a170a054294062aa30396"
"42","Optimy","BELL","2108","Sweet & Sour Chicken Rice","9","顶级","1","10","复购判断","[示例评价] 这道Sweet & Sour Chicken Rice的优点是鸡肉、米饭、甜味各有分工，吃完不会觉得味道散；如果这次合口味，下次还会想再点。","64215ece64b813c182ab3161"
"42","Optimy","BELL","2108","Sweet & Sour Chicken Rice","7","NPC","2","1","第一口印象","[示例评价] 第一口先尝到鸡肉、米饭、甜味的味道，层次很清楚；Sweet & Sour Chicken Rice适合趁热吃，香气会更完整。","ff55161919e9137d766d93af"
"42","Optimy","BELL","2109","Sweet & Sour Fish Fillet Rice","6","拉完了","1","6","收尾回味","[示例评价] 咽下去以后还能留住一点鱼肉、米饭、甜味的回味，Sweet & Sour Fish Fillet Rice不是只靠第一口取胜，后段味道也有记忆点。","9eb4c305b0305989574cb314"
"42","Optimy","BELL","2109","Sweet & Sour Fish Fillet Rice","10","夯爆了","2","7","日常满足","[示例评价] 想吃得踏实的时候可以点Sweet & Sour Fish Fillet Rice：鱼肉、米饭、甜味让味道有内容，分量和满足感也比较适合日常解决一餐。","4a1dc7e82fb5db49aa699ad5"
"42","Optimy","BELL","2110","Lotus Root Peanut Chicken Soup with Rice","6","拉完了","1","6","收尾回味","[示例评价] 咽下去以后还能留住一点鸡肉、米饭、汤的回味，Lotus Root Peanut Chicken Soup with Rice不是只靠第一口取胜，后段味道也有记忆点。","d81e305a523096346f7e4ad3"
"42","Optimy","BELL","2110","Lotus Root Peanut Chicken Soup with Rice","7","NPC","2","7","日常满足","[示例评价] 想吃得踏实的时候可以点Lotus Root Peanut Chicken Soup with Rice：鸡肉、米饭、汤让味道有内容，分量和满足感也比较适合日常解决一餐。","59d460ed6aa52d61ece7340a"
"42","Optimy","BELL","2111","Longan Sea Coconut","6","拉完了","1","9","场景感受","[示例评价] 一个人吃Longan Sea Coconut很顺手，和朋友分着吃也不会无聊；整体风味的味道够明确，聊天间隙也能吃出滋味。","50615f3204bc166c9138fa7f"
"42","Optimy","BELL","2111","Longan Sea Coconut","10","夯爆了","2","10","复购判断","[示例评价] 这道Longan Sea Coconut的优点是整体风味各有分工，吃完不会觉得味道散；如果这次合口味，下次还会想再点。","8571052b5673265181a9cd96"
"42","Optimy","BELL","2112","Glutinous Rice Ball in Soy Milk","8","人上人","1","1","第一口印象","[示例评价] 第一口先尝到米饭、汤、奶香的味道，层次很清楚；Glutinous Rice Ball in Soy Milk适合趁热吃，香气会更完整。","64b15c9895eee8555da129f6"
"42","Optimy","BELL","2112","Glutinous Rice Ball in Soy Milk","7","NPC","2","2","风味平衡","[示例评价] Glutinous Rice Ball in Soy Milk把米饭、汤、奶香的味道收得比较平衡，不会只剩单一的咸或甜；喜欢清爽口味的话可以少加酱汁。","ce60782656a4154a49e3263a"
"43","Chicken Hot Pot千百味鸡煲","BELL","2173","Chicken Casserole","8","人上人","1","10","复购判断","[示例评价] 这道Chicken Casserole的优点是鸡肉、土豆、辣味各有分工，吃完不会觉得味道散；如果这次合口味，下次还会想再点。","eed30060fce5bfa4bdc27c97"
"43","Chicken Hot Pot千百味鸡煲","BELL","2173","Chicken Casserole","6","拉完了","2","1","第一口印象","[示例评价] 第一口先尝到鸡肉、土豆、辣味的味道，层次很清楚；Chicken Casserole适合趁热吃，香气会更完整。","3f67931ae6a4298534c466c7"
"43","Chicken Hot Pot千百味鸡煲","BELL","2174","Beef Casserole","9","顶级","1","2","风味平衡","[示例评价] Beef Casserole把牛肉、土豆、辣味的味道收得比较平衡，不会只剩单一的咸或甜；喜欢清爽口味的话可以少加酱汁。","2aec01de0319e7dded7110f7"
"43","Chicken Hot Pot千百味鸡煲","BELL","2174","Beef Casserole","9","顶级","2","3","口感变化","[示例评价] 这道Beef Casserole有意思的地方在口感变化：牛肉、土豆、辣味带来不同的咀嚼感，慢慢吃比急着吞更能尝出细节。","104b7d44f727c7fdaf91002c"
"43","Chicken Hot Pot千百味鸡煲","BELL","2175","Pork Ribs Casserole","6","拉完了","1","6","收尾回味","[示例评价] 咽下去以后还能留住一点猪肉、土豆、辣味的回味，Pork Ribs Casserole不是只靠第一口取胜，后段味道也有记忆点。","9aa2758ca09eceaa262d8af2"
"43","Chicken Hot Pot千百味鸡煲","BELL","2175","Pork Ribs Casserole","8","人上人","2","7","日常满足","[示例评价] 想吃得踏实的时候可以点Pork Ribs Casserole：猪肉、土豆、辣味让味道有内容，分量和满足感也比较适合日常解决一餐。","ae5baf1d39642c471dff11fd"
"43","Chicken Hot Pot千百味鸡煲","BELL","2176","Crispy Pork Casserole","8","人上人","1","7","日常满足","[示例评价] 想吃得踏实的时候可以点Crispy Pork Casserole：猪肉、酥脆口感、辣味让味道有内容，分量和满足感也比较适合日常解决一餐。","21a4c5d8a2c08d4cf59dbaae"
"43","Chicken Hot Pot千百味鸡煲","BELL","2176","Crispy Pork Casserole","6","拉完了","2","8","口味建议","[示例评价] 如果平时喜欢猪肉、酥脆口感、辣味，这道Crispy Pork Casserole值得试试；怕重口的话先从少辣、少酱开始，更容易吃到原本的味道。","3cdabe431b50f605a1568584"
"43","Chicken Hot Pot千百味鸡煲","BELL","2177","Lamb Casserole","7","NPC","1","9","场景感受","[示例评价] 一个人吃Lamb Casserole很顺手，和朋友分着吃也不会无聊；辣味的味道够明确，聊天间隙也能吃出滋味。","d6b5274b66167a031675693f"
"43","Chicken Hot Pot千百味鸡煲","BELL","2177","Lamb Casserole","10","夯爆了","2","10","复购判断","[示例评价] 这道Lamb Casserole的优点是辣味各有分工，吃完不会觉得味道散；如果这次合口味，下次还会想再点。","014186871340546b158b5dd0"
"44","Wallace华莱士","BELL","2292","Popcorn Chicken","7","NPC","1","7","日常满足","[示例评价] 想吃得踏实的时候可以点Popcorn Chicken：鸡肉、玉米让味道有内容，分量和满足感也比较适合日常解决一餐。","fc153b95ce345acdd007168c"
"44","Wallace华莱士","BELL","2292","Popcorn Chicken","10","夯爆了","2","8","口味建议","[示例评价] 如果平时喜欢鸡肉、玉米，这道Popcorn Chicken值得试试；怕重口的话先从少辣、少酱开始，更容易吃到原本的味道。","82c7fc3f04ba98976fdd33fd"
"44","Wallace华莱士","BELL","2293","Purple Sweet Potato Fingers","9","顶级","1","8","口味建议","[示例评价] 如果平时喜欢土豆、甜味，这道Purple Sweet Potato Fingers值得试试；怕重口的话先从少辣、少酱开始，更容易吃到原本的味道。","8339f2c346b175fb62d58c40"
"44","Wallace华莱士","BELL","2293","Purple Sweet Potato Fingers","9","顶级","2","9","场景感受","[示例评价] 一个人吃Purple Sweet Potato Fingers很顺手，和朋友分着吃也不会无聊；土豆、甜味的味道够明确，聊天间隙也能吃出滋味。","be4f47a624e23c284b86ca0a"
"44","Wallace华莱士","BELL","2294","Chicken Nuggets","6","拉完了","1","4","香气表现","[示例评价] 端上来时鸡肉的香气很先声夺人，入口后味道也跟得上；作为一餐里的主角很合适。","71d7607efcd88b7a7a8e7637"
"44","Wallace华莱士","BELL","2294","Chicken Nuggets","7","NPC","2","5","食材搭配","[示例评价] 从鸡肉的搭配看，食材之间没有互相抢味，Chicken Nuggets吃起来有自己的重点，配一杯清饮会更舒服。","5a01321ca5eb1faf131a0c01"
"44","Wallace华莱士","BELL","2295","Sweet Potato Ball","10","夯爆了","1","8","口味建议","[示例评价] 如果平时喜欢土豆、甜味，这道Sweet Potato Ball值得试试；怕重口的话先从少辣、少酱开始，更容易吃到原本的味道。","29fe8d83f025ad0baec45361"
"44","Wallace华莱士","BELL","2295","Sweet Potato Ball","6","拉完了","2","9","场景感受","[示例评价] 一个人吃Sweet Potato Ball很顺手，和朋友分着吃也不会无聊；土豆、甜味的味道够明确，聊天间隙也能吃出滋味。","5b782f4fa38f51ede97c132f"
"44","Wallace华莱士","BELL","2296","Coleslaw","6","拉完了","1","8","口味建议","[示例评价] 如果平时喜欢整体风味，这道Coleslaw值得试试；怕重口的话先从少辣、少酱开始，更容易吃到原本的味道。","8e7e07e163d63db13f451c1c"
"44","Wallace华莱士","BELL","2296","Coleslaw","7","NPC","2","9","场景感受","[示例评价] 一个人吃Coleslaw很顺手，和朋友分着吃也不会无聊；整体风味的味道够明确，聊天间隙也能吃出滋味。","d2a3015bea9a87a6b818c5c0"
"45","Eat hami","BELL","2306","Teriyaki Chicken Brown Rice","8","人上人","1","10","复购判断","[示例评价] 这道Teriyaki Chicken Brown Rice的优点是鸡肉、米饭、烤制香气各有分工，吃完不会觉得味道散；如果这次合口味，下次还会想再点。","d7db272b86740224b66bd12d"
"45","Eat hami","BELL","2306","Teriyaki Chicken Brown Rice","8","人上人","2","1","第一口印象","[示例评价] 第一口先尝到鸡肉、米饭、烤制香气的味道，层次很清楚；Teriyaki Chicken Brown Rice适合趁热吃，香气会更完整。","ecc0ebad01c8cda6bb7fafca"
"45","Eat hami","BELL","2307","Teriyaki Tofu Brown Rice","7","NPC","1","4","香气表现","[示例评价] 端上来时米饭、烤制香气的香气很先声夺人，入口后味道也跟得上；作为一餐里的主角很合适。","22c789d3884f6c77daf92933"
"45","Eat hami","BELL","2307","Teriyaki Tofu Brown Rice","9","顶级","2","5","食材搭配","[示例评价] 从米饭、烤制香气的搭配看，食材之间没有互相抢味，Teriyaki Tofu Brown Rice吃起来有自己的重点，配一杯清饮会更舒服。","96f3be5fdec8ea49da0e3f45"
"45","Eat hami","BELL","2308","Teriyaki Prawn Brown Rice","9","顶级","1","6","收尾回味","[示例评价] 咽下去以后还能留住一点虾、米饭、烤制香气的回味，Teriyaki Prawn Brown Rice不是只靠第一口取胜，后段味道也有记忆点。","ccd5ba3ac5e2589498d9ce71"
"45","Eat hami","BELL","2308","Teriyaki Prawn Brown Rice","10","夯爆了","2","7","日常满足","[示例评价] 想吃得踏实的时候可以点Teriyaki Prawn Brown Rice：虾、米饭、烤制香气让味道有内容，分量和满足感也比较适合日常解决一餐。","2a39f4c0fa494e88c0bc8fdb"
"45","Eat hami","BELL","2309","Teriyaki Salmon Brown Rice","9","顶级","1","2","风味平衡","[示例评价] Teriyaki Salmon Brown Rice把鱼肉、米饭、烤制香气的味道收得比较平衡，不会只剩单一的咸或甜；喜欢清爽口味的话可以少加酱汁。","5f9e393bb9fb4f92ebfc267a"
"45","Eat hami","BELL","2309","Teriyaki Salmon Brown Rice","9","顶级","2","3","口感变化","[示例评价] 这道Teriyaki Salmon Brown Rice有意思的地方在口感变化：鱼肉、米饭、烤制香气带来不同的咀嚼感，慢慢吃比急着吞更能尝出细节。","4b68d7de8214c17a3e56b5ae"
"45","Eat hami","BELL","2310","Japanese Curry Chicken Brown Rice","6","拉完了","1","1","第一口印象","[示例评价] 第一口先尝到鸡肉、米饭、辣味的味道，层次很清楚；Japanese Curry Chicken Brown Rice适合趁热吃，香气会更完整。","9b6dd3eb4ebe7a1f1cdaf1fd"
"45","Eat hami","BELL","2310","Japanese Curry Chicken Brown Rice","6","拉完了","2","2","风味平衡","[示例评价] Japanese Curry Chicken Brown Rice把鸡肉、米饭、辣味的味道收得比较平衡，不会只剩单一的咸或甜；喜欢清爽口味的话可以少加酱汁。","4dbdfa4c53fbe047426009fb"
"46","123Expressmart","BELL","2322","Kopi O (Hot)","9","顶级","1","8","口味建议","[示例评价] 如果平时喜欢咖啡，这道Kopi O (Hot)值得试试；怕重口的话先从少辣、少酱开始，更容易吃到原本的味道。","ae329ff0b43004de90814d07"
"46","123Expressmart","BELL","2322","Kopi O (Hot)","10","夯爆了","2","9","场景感受","[示例评价] 一个人吃Kopi O (Hot)很顺手，和朋友分着吃也不会无聊；咖啡的味道够明确，聊天间隙也能吃出滋味。","d3588ed8312ddc80459f9347"
"46","123Expressmart","BELL","2323","Kopi O (Iced)","9","顶级","1","9","场景感受","[示例评价] 一个人吃Kopi O (Iced)很顺手，和朋友分着吃也不会无聊；咖啡的味道够明确，聊天间隙也能吃出滋味。","5d18104ae0a13f2012e3646a"
"46","123Expressmart","BELL","2323","Kopi O (Iced)","6","拉完了","2","10","复购判断","[示例评价] 这道Kopi O (Iced)的优点是咖啡各有分工，吃完不会觉得味道散；如果这次合口味，下次还会想再点。","2993a96c0a826f10ed9a3295"
"46","123Expressmart","BELL","2324","Americano (Hot)","8","人上人","1","9","场景感受","[示例评价] 一个人吃Americano (Hot)很顺手，和朋友分着吃也不会无聊；咖啡的味道够明确，聊天间隙也能吃出滋味。","3225ce7169132b23de83a257"
"46","123Expressmart","BELL","2324","Americano (Hot)","6","拉完了","2","10","复购判断","[示例评价] 这道Americano (Hot)的优点是咖啡各有分工，吃完不会觉得味道散；如果这次合口味，下次还会想再点。","89783d0694889e0e368e7d58"
"46","123Expressmart","BELL","2325","Americano (Iced)","6","拉完了","1","8","口味建议","[示例评价] 如果平时喜欢咖啡，这道Americano (Iced)值得试试；怕重口的话先从少辣、少酱开始，更容易吃到原本的味道。","cefe5c3db672ae406cf9b0f1"
"46","123Expressmart","BELL","2325","Americano (Iced)","9","顶级","2","9","场景感受","[示例评价] 一个人吃Americano (Iced)很顺手，和朋友分着吃也不会无聊；咖啡的味道够明确，聊天间隙也能吃出滋味。","e3370267e96e1de12492fb20"
"46","123Expressmart","BELL","2326","Latte (Hot)","9","顶级","1","5","食材搭配","[示例评价] 从咖啡的搭配看，食材之间没有互相抢味，Latte (Hot)吃起来有自己的重点，配一杯清饮会更舒服。","2ee7338dd7fce89272de57ab"
"46","123Expressmart","BELL","2326","Latte (Hot)","10","夯爆了","2","6","收尾回味","[示例评价] 咽下去以后还能留住一点咖啡的回味，Latte (Hot)不是只靠第一口取胜，后段味道也有记忆点。","acc4a66c9672323a31fbea7a"
"47","Nasi lemak","BELL","2394","Roti Tisu","7","NPC","1","7","日常满足","[示例评价] 想吃得踏实的时候可以点Roti Tisu：整体风味让味道有内容，分量和满足感也比较适合日常解决一餐。","a866b606a5298c1336aa0a79"
"47","Nasi lemak","BELL","2394","Roti Tisu","9","顶级","2","8","口味建议","[示例评价] 如果平时喜欢整体风味，这道Roti Tisu值得试试；怕重口的话先从少辣、少酱开始，更容易吃到原本的味道。","692cc95da1760f692a55c0dd"
"47","Nasi lemak","BELL","2395","Roti Petak","9","顶级","1","10","复购判断","[示例评价] 这道Roti Petak的优点是整体风味各有分工，吃完不会觉得味道散；如果这次合口味，下次还会想再点。","9b968079e457c54b3f70895c"
"47","Nasi lemak","BELL","2395","Roti Petak","8","人上人","2","1","第一口印象","[示例评价] 第一口先尝到整体风味的味道，层次很清楚；Roti Petak适合趁热吃，香气会更完整。","fe0e64f8e27ffa163c26e41e"
"47","Nasi lemak","BELL","2396","Roti Bawang","9","顶级","1","9","场景感受","[示例评价] 一个人吃Roti Bawang很顺手，和朋友分着吃也不会无聊；整体风味的味道够明确，聊天间隙也能吃出滋味。","c277cabcf0cff137b88f937d"
"47","Nasi lemak","BELL","2396","Roti Bawang","10","夯爆了","2","10","复购判断","[示例评价] 这道Roti Bawang的优点是整体风味各有分工，吃完不会觉得味道散；如果这次合口味，下次还会想再点。","1c9206db028736a433fa59a0"
"47","Nasi lemak","BELL","2397","Roti Telur","7","NPC","1","7","日常满足","[示例评价] 想吃得踏实的时候可以点Roti Telur：鸡蛋让味道有内容，分量和满足感也比较适合日常解决一餐。","4fb7d7af53a657425b0615f4"
"47","Nasi lemak","BELL","2397","Roti Telur","8","人上人","2","8","口味建议","[示例评价] 如果平时喜欢鸡蛋，这道Roti Telur值得试试；怕重口的话先从少辣、少酱开始，更容易吃到原本的味道。","7edaef010be9d2db25a16974"
"47","Nasi lemak","BELL","2398","Roti Telur Bawang","7","NPC","1","9","场景感受","[示例评价] 一个人吃Roti Telur Bawang很顺手，和朋友分着吃也不会无聊；鸡蛋的味道够明确，聊天间隙也能吃出滋味。","5aa78e569a257b950aa82cec"
"47","Nasi lemak","BELL","2398","Roti Telur Bawang","9","顶级","2","10","复购判断","[示例评价] 这道Roti Telur Bawang的优点是鸡蛋各有分工，吃完不会觉得味道散；如果这次合口味，下次还会想再点。","edef2f392d51ca0a9d5a9ae8"
"48","东北饺子王Dumplings King","BELL","2588","Lamb Skewer","8","人上人","1","7","日常满足","[示例评价] 想吃得踏实的时候可以点Lamb Skewer：整体风味让味道有内容，分量和满足感也比较适合日常解决一餐。","d89948276df65b9549a909c5"
"48","东北饺子王Dumplings King","BELL","2588","Lamb Skewer","9","顶级","2","8","口味建议","[示例评价] 如果平时喜欢整体风味，这道Lamb Skewer值得试试；怕重口的话先从少辣、少酱开始，更容易吃到原本的味道。","24a1fee465ae026dd93ebdcd"
"48","东北饺子王Dumplings King","BELL","2589","Beef Skewer","9","顶级","1","8","口味建议","[示例评价] 如果平时喜欢牛肉，这道Beef Skewer值得试试；怕重口的话先从少辣、少酱开始，更容易吃到原本的味道。","8cc212bdc274a7f3fc88576a"
"48","东北饺子王Dumplings King","BELL","2589","Beef Skewer","6","拉完了","2","9","场景感受","[示例评价] 一个人吃Beef Skewer很顺手，和朋友分着吃也不会无聊；牛肉的味道够明确，聊天间隙也能吃出滋味。","a0c7bd5196bf30d8958684da"
"48","东北饺子王Dumplings King","BELL","2590","Pork Belly","8","人上人","1","6","收尾回味","[示例评价] 咽下去以后还能留住一点猪肉的回味，Pork Belly不是只靠第一口取胜，后段味道也有记忆点。","e385074286f23533f707f264"
"48","东北饺子王Dumplings King","BELL","2590","Pork Belly","9","顶级","2","7","日常满足","[示例评价] 想吃得踏实的时候可以点Pork Belly：猪肉让味道有内容，分量和满足感也比较适合日常解决一餐。","b485960d6813753d4389d131"
"48","东北饺子王Dumplings King","BELL","2591","Chicken Skewer","8","人上人","1","10","复购判断","[示例评价] 这道Chicken Skewer的优点是鸡肉各有分工，吃完不会觉得味道散；如果这次合口味，下次还会想再点。","23df5e2d37e337617f24bfbd"
"48","东北饺子王Dumplings King","BELL","2591","Chicken Skewer","10","夯爆了","2","1","第一口印象","[示例评价] 第一口先尝到鸡肉的味道，层次很清楚；Chicken Skewer适合趁热吃，香气会更完整。","416065f7997f3e962b35ea6e"
"48","东北饺子王Dumplings King","BELL","2592","Taiwan Sausage","8","人上人","1","5","食材搭配","[示例评价] 从整体风味的搭配看，食材之间没有互相抢味，Taiwan Sausage吃起来有自己的重点，配一杯清饮会更舒服。","4a1c3b4f7bc8237a6c74f82d"
"48","东北饺子王Dumplings King","BELL","2592","Taiwan Sausage","7","NPC","2","6","收尾回味","[示例评价] 咽下去以后还能留住一点整体风味的回味，Taiwan Sausage不是只靠第一口取胜，后段味道也有记忆点。","72681f12c997f96e57f60595"
"49","广东脆肉皖鱼GuangDong Fish set","LY3","2676","Crispy Grass Carp Belly Rice Set","9","顶级","1","3","口感变化","[示例评价] 这道Crispy Grass Carp Belly Rice Set有意思的地方在口感变化：鱼肉、米饭、酥脆口感带来不同的咀嚼感，慢慢吃比急着吞更能尝出细节。","e892c418bc641deadb1398fa"
"49","广东脆肉皖鱼GuangDong Fish set","LY3","2676","Crispy Grass Carp Belly Rice Set","7","NPC","2","4","香气表现","[示例评价] 端上来时鱼肉、米饭、酥脆口感的香气很先声夺人，入口后味道也跟得上；作为一餐里的主角很合适。","10d8dc4b240295ce593861ca"
"49","广东脆肉皖鱼GuangDong Fish set","LY3","2677","Vine Pepper Black Fish Rice Set","8","人上人","1","7","日常满足","[示例评价] 想吃得踏实的时候可以点Vine Pepper Black Fish Rice Set：鱼肉、米饭让味道有内容，分量和满足感也比较适合日常解决一餐。","8171dd58e554e4fb1d8a6441"
"49","广东脆肉皖鱼GuangDong Fish set","LY3","2677","Vine Pepper Black Fish Rice Set","10","夯爆了","2","8","口味建议","[示例评价] 如果平时喜欢鱼肉、米饭，这道Vine Pepper Black Fish Rice Set值得试试；怕重口的话先从少辣、少酱开始，更容易吃到原本的味道。","293e8ecc7a37741a98aa7ac5"
"49","广东脆肉皖鱼GuangDong Fish set","LY3","2678","Scallop Soup Rice Set","6","拉完了","1","8","口味建议","[示例评价] 如果平时喜欢米饭、汤，这道Scallop Soup Rice Set值得试试；怕重口的话先从少辣、少酱开始，更容易吃到原本的味道。","a6151c62a807bf42c7531e5a"
"49","广东脆肉皖鱼GuangDong Fish set","LY3","2678","Scallop Soup Rice Set","6","拉完了","2","9","场景感受","[示例评价] 一个人吃Scallop Soup Rice Set很顺手，和朋友分着吃也不会无聊；米饭、汤的味道够明确，聊天间隙也能吃出滋味。","8af11c9c4239f865786a2be7"
"50","KOREAN BIBIMBAP (韩国拌饭)","LY3","2679","Classic Korean Bibimbap","9","顶级","1","9","场景感受","[示例评价] 一个人吃Classic Korean Bibimbap很顺手，和朋友分着吃也不会无聊；米饭的味道够明确，聊天间隙也能吃出滋味。","89f5cac76917a3a04fa692c3"
"50","KOREAN BIBIMBAP (韩国拌饭)","LY3","2679","Classic Korean Bibimbap","7","NPC","2","10","复购判断","[示例评价] 这道Classic Korean Bibimbap的优点是米饭各有分工，吃完不会觉得味道散；如果这次合口味，下次还会想再点。","791553fd9cdfa593802b2e6c"
"50","KOREAN BIBIMBAP (韩国拌饭)","LY3","2680","Korean Chicken Bibimbap","9","顶级","1","8","口味建议","[示例评价] 如果平时喜欢鸡肉、米饭，这道Korean Chicken Bibimbap值得试试；怕重口的话先从少辣、少酱开始，更容易吃到原本的味道。","da04ef11f9f2d20c148e415f"
"50","KOREAN BIBIMBAP (韩国拌饭)","LY3","2680","Korean Chicken Bibimbap","9","顶级","2","9","场景感受","[示例评价] 一个人吃Korean Chicken Bibimbap很顺手，和朋友分着吃也不会无聊；鸡肉、米饭的味道够明确，聊天间隙也能吃出滋味。","c54363745963e685b64d0e54"
"50","KOREAN BIBIMBAP (韩国拌饭)","LY3","2681","Beef Curry Mixed with Rice","6","拉完了","1","4","香气表现","[示例评价] 端上来时牛肉、米饭、辣味的香气很先声夺人，入口后味道也跟得上；作为一餐里的主角很合适。","0bcaa4f2bf6a97dabfc4dd55"
"50","KOREAN BIBIMBAP (韩国拌饭)","LY3","2681","Beef Curry Mixed with Rice","6","拉完了","2","5","食材搭配","[示例评价] 从牛肉、米饭、辣味的搭配看，食材之间没有互相抢味，Beef Curry Mixed with Rice吃起来有自己的重点，配一杯清饮会更舒服。","199dc3f260b6710e436635c8"
"50","KOREAN BIBIMBAP (韩国拌饭)","LY3","2682","Cheese Crab Meat Bibimbap","6","拉完了","1","7","日常满足","[示例评价] 想吃得踏实的时候可以点Cheese Crab Meat Bibimbap：蟹肉、米饭让味道有内容，分量和满足感也比较适合日常解决一餐。","200ae106a337113e3a02efc1"
"50","KOREAN BIBIMBAP (韩国拌饭)","LY3","2682","Cheese Crab Meat Bibimbap","6","拉完了","2","8","口味建议","[示例评价] 如果平时喜欢蟹肉、米饭，这道Cheese Crab Meat Bibimbap值得试试；怕重口的话先从少辣、少酱开始，更容易吃到原本的味道。","8d1e5ef723f27f879a651358"
"50","KOREAN BIBIMBAP (韩国拌饭)","LY3","2683","Korean Fried Chicken with Rice Cakes Bibimbap","10","夯爆了","1","2","风味平衡","[示例评价] Korean Fried Chicken with Rice Cakes Bibimbap把鸡肉、米饭、酥脆口感、甜味的味道收得比较平衡，不会只剩单一的咸或甜；喜欢清爽口味的话可以少加酱汁。","85469ada5afe193d9aafe9b6"
"50","KOREAN BIBIMBAP (韩国拌饭)","LY3","2683","Korean Fried Chicken with Rice Cakes Bibimbap","6","拉完了","2","3","口感变化","[示例评价] 这道Korean Fried Chicken with Rice Cakes Bibimbap有意思的地方在口感变化：鸡肉、米饭、酥脆口感、甜味带来不同的咀嚼感，慢慢吃比急着吞更能尝出细节。","3c07e339c5ba14ee4e6022a1"
"51","Hao Liao好料","LY3","2693","Local Yong Taufu","10","夯爆了","1","1","第一口印象","[示例评价] 第一口先尝到整体风味的味道，层次很清楚；Local Yong Taufu适合趁热吃，香气会更完整。","a2d09aa17d01fe899bd6156a"
"51","Hao Liao好料","LY3","2693","Local Yong Taufu","6","拉完了","2","2","风味平衡","[示例评价] Local Yong Taufu把整体风味的味道收得比较平衡，不会只剩单一的咸或甜；喜欢清爽口味的话可以少加酱汁。","b3c8d49f7527842fb6344d06"
"51","Hao Liao好料","LY3","2694","Rice with Five Treasure Stuffed Delights","10","夯爆了","1","9","场景感受","[示例评价] 一个人吃Rice with Five Treasure Stuffed Delights很顺手，和朋友分着吃也不会无聊；米饭的味道够明确，聊天间隙也能吃出滋味。","7681ea2a897b84633ddcd82d"
"51","Hao Liao好料","LY3","2694","Rice with Five Treasure Stuffed Delights","9","顶级","2","10","复购判断","[示例评价] 这道Rice with Five Treasure Stuffed Delights的优点是米饭各有分工，吃完不会觉得味道散；如果这次合口味，下次还会想再点。","7b3f608d531155410134459e"
"51","Hao Liao好料","LY3","2695","Shredded Chicken Dark Sauce Noodles","7","NPC","1","8","口味建议","[示例评价] 如果平时喜欢鸡肉、面条，这道Shredded Chicken Dark Sauce Noodles值得试试；怕重口的话先从少辣、少酱开始，更容易吃到原本的味道。","c68d34a776b98e69740e58e2"
"51","Hao Liao好料","LY3","2695","Shredded Chicken Dark Sauce Noodles","6","拉完了","2","9","场景感受","[示例评价] 一个人吃Shredded Chicken Dark Sauce Noodles很顺手，和朋友分着吃也不会无聊；鸡肉、面条的味道够明确，聊天间隙也能吃出滋味。","dcef213030fb9fc4cf24512c"
"51","Hao Liao好料","LY3","2696","Shredded Chicken Soup Noodles","6","拉完了","1","5","食材搭配","[示例评价] 从鸡肉、面条、汤的搭配看，食材之间没有互相抢味，Shredded Chicken Soup Noodles吃起来有自己的重点，配一杯清饮会更舒服。","58d0513683ed2c9c882d1849"
"51","Hao Liao好料","LY3","2696","Shredded Chicken Soup Noodles","6","拉完了","2","6","收尾回味","[示例评价] 咽下去以后还能留住一点鸡肉、面条、汤的回味，Shredded Chicken Soup Noodles不是只靠第一口取胜，后段味道也有记忆点。","24e1930b54b746c84a6cf5ad"
"51","Hao Liao好料","LY3","2697","Ipoh Shredded Chicken Hor Fun","6","拉完了","1","7","日常满足","[示例评价] 想吃得踏实的时候可以点Ipoh Shredded Chicken Hor Fun：鸡肉让味道有内容，分量和满足感也比较适合日常解决一餐。","b98e6e8b8a80028cd0a73915"
"51","Hao Liao好料","LY3","2697","Ipoh Shredded Chicken Hor Fun","6","拉完了","2","8","口味建议","[示例评价] 如果平时喜欢鸡肉，这道Ipoh Shredded Chicken Hor Fun值得试试；怕重口的话先从少辣、少酱开始，更容易吃到原本的味道。","7495f05e02aa89a1fb20ca4d"
"52","蜜雪冰城MIXUE","BELL","2711","Ice Cream","10","夯爆了","1","5","食材搭配","[示例评价] 从甜味的搭配看，食材之间没有互相抢味，Ice Cream吃起来有自己的重点，配一杯清饮会更舒服。","78d32f4213ae82eb699dcd4c"
"52","蜜雪冰城MIXUE","BELL","2711","Ice Cream","9","顶级","2","6","收尾回味","[示例评价] 咽下去以后还能留住一点甜味的回味，Ice Cream不是只靠第一口取胜，后段味道也有记忆点。","393a3f45574e84c520fab18f"
"53","MULAN木兰","BELL","2712","Grape Fruit Tea","7","NPC","1","5","食材搭配","[示例评价] 从茶的搭配看，食材之间没有互相抢味，Grape Fruit Tea吃起来有自己的重点，配一杯清饮会更舒服。","968e9582f40a00eb546dff46"
"53","MULAN木兰","BELL","2712","Grape Fruit Tea","6","拉完了","2","6","收尾回味","[示例评价] 咽下去以后还能留住一点茶的回味，Grape Fruit Tea不是只靠第一口取胜，后段味道也有记忆点。","384a94106dba053b2353bd39"
"53","MULAN木兰","BELL","2713","Pineapple Passion Fruit Tea","10","夯爆了","1","10","复购判断","[示例评价] 这道Pineapple Passion Fruit Tea的优点是苹果、茶各有分工，吃完不会觉得味道散；如果这次合口味，下次还会想再点。","6c9ee788939ec9c013914ac7"
"53","MULAN木兰","BELL","2713","Pineapple Passion Fruit Tea","7","NPC","2","1","第一口印象","[示例评价] 第一口先尝到苹果、茶的味道，层次很清楚；Pineapple Passion Fruit Tea适合趁热吃，香气会更完整。","6fcf998a35c9a23a1efe130e"
"53","MULAN木兰","BELL","2714","Peach Fruit Tea","9","顶级","1","6","收尾回味","[示例评价] 咽下去以后还能留住一点茶的回味，Peach Fruit Tea不是只靠第一口取胜，后段味道也有记忆点。","6c196f64a87d46b004132850"
"53","MULAN木兰","BELL","2714","Peach Fruit Tea","10","夯爆了","2","7","日常满足","[示例评价] 想吃得踏实的时候可以点Peach Fruit Tea：茶让味道有内容，分量和满足感也比较适合日常解决一餐。","f1da001ec0269254e80b06ac"
"53","MULAN木兰","BELL","2715","Orange Fruit Tea","6","拉完了","1","6","收尾回味","[示例评价] 咽下去以后还能留住一点橙子、茶的回味，Orange Fruit Tea不是只靠第一口取胜，后段味道也有记忆点。","611f523241fea04f0d255178"
"53","MULAN木兰","BELL","2715","Orange Fruit Tea","6","拉完了","2","7","日常满足","[示例评价] 想吃得踏实的时候可以点Orange Fruit Tea：橙子、茶让味道有内容，分量和满足感也比较适合日常解决一餐。","be5adc8176d5c881f0e616d2"
"53","MULAN木兰","BELL","2716","Mango Passion Fruit Tea","8","人上人","1","3","口感变化","[示例评价] 这道Mango Passion Fruit Tea有意思的地方在口感变化：芒果、茶带来不同的咀嚼感，慢慢吃比急着吞更能尝出细节。","a1d2289373476161eabcbe00"
"53","MULAN木兰","BELL","2716","Mango Passion Fruit Tea","10","夯爆了","2","4","香气表现","[示例评价] 端上来时芒果、茶的香气很先声夺人，入口后味道也跟得上；作为一餐里的主角很合适。","878a2e0a842788fac8a2415f"
"54","NOMUNOMU NORM","BELL","2749","Curry Udon with Chicken Katsu","10","夯爆了","1","3","口感变化","[示例评价] 这道Curry Udon with Chicken Katsu有意思的地方在口感变化：鸡肉、面条、米饭、酥脆口感带来不同的咀嚼感，慢慢吃比急着吞更能尝出细节。","0fd4d5d855d8cac31c78e6dd"
"54","NOMUNOMU NORM","BELL","2749","Curry Udon with Chicken Katsu","7","NPC","2","4","香气表现","[示例评价] 端上来时鸡肉、面条、米饭、酥脆口感的香气很先声夺人，入口后味道也跟得上；作为一餐里的主角很合适。","6640f61f725e0cd0e0a23de9"
"54","NOMUNOMU NORM","BELL","2750","Curry Udon with Ebi Fry","8","人上人","1","8","口味建议","[示例评价] 如果平时喜欢虾、面条、米饭、酥脆口感，这道Curry Udon with Ebi Fry值得试试；怕重口的话先从少辣、少酱开始，更容易吃到原本的味道。","8c313b68c5dcff2103e0a3dd"
"54","NOMUNOMU NORM","BELL","2750","Curry Udon with Ebi Fry","7","NPC","2","9","场景感受","[示例评价] 一个人吃Curry Udon with Ebi Fry很顺手，和朋友分着吃也不会无聊；虾、面条、米饭、酥脆口感的味道够明确，聊天间隙也能吃出滋味。","e671c9aee68a794eb8b3fe04"
"54","NOMUNOMU NORM","BELL","2751","Curry Udon","9","顶级","1","5","食材搭配","[示例评价] 从面条、米饭、辣味的搭配看，食材之间没有互相抢味，Curry Udon吃起来有自己的重点，配一杯清饮会更舒服。","6ef94a1269fc5b5d57daec99"
"54","NOMUNOMU NORM","BELL","2751","Curry Udon","9","顶级","2","6","收尾回味","[示例评价] 咽下去以后还能留住一点面条、米饭、辣味的回味，Curry Udon不是只靠第一口取胜，后段味道也有记忆点。","7f4aac0061813d27f42b5091"
"54","NOMUNOMU NORM","BELL","2752","Tornado Omelette Curry Rice","8","人上人","1","3","口感变化","[示例评价] 这道Tornado Omelette Curry Rice有意思的地方在口感变化：米饭、辣味带来不同的咀嚼感，慢慢吃比急着吞更能尝出细节。","f6fe921ed5c97e1f82ca3f16"
"54","NOMUNOMU NORM","BELL","2752","Tornado Omelette Curry Rice","10","夯爆了","2","4","香气表现","[示例评价] 端上来时米饭、辣味的香气很先声夺人，入口后味道也跟得上；作为一餐里的主角很合适。","0bc51476dcb6e08a55aff889"
"54","NOMUNOMU NORM","BELL","2753","Salmon Sliced Ochazuke","9","顶级","1","1","第一口印象","[示例评价] 第一口先尝到鱼肉、米饭、茶的味道，层次很清楚；Salmon Sliced Ochazuke适合趁热吃，香气会更完整。","81bbfedd7184e559088fd801"
"54","NOMUNOMU NORM","BELL","2753","Salmon Sliced Ochazuke","6","拉完了","2","2","风味平衡","[示例评价] Salmon Sliced Ochazuke把鱼肉、米饭、茶的味道收得比较平衡，不会只剩单一的咸或甜；喜欢清爽口味的话可以少加酱汁。","02dc6971884f6c7301dfbb12"
"55","BR Robins bell的一家甜品店","BELL","2827","Kids Scoop","9","顶级","1","3","口感变化","[示例评价] 这道Kids Scoop有意思的地方在口感变化：整体风味带来不同的咀嚼感，慢慢吃比急着吞更能尝出细节。","3c6da460ceb08b757425fbbb"
"55","BR Robins bell的一家甜品店","BELL","2827","Kids Scoop","10","夯爆了","2","4","香气表现","[示例评价] 端上来时整体风味的香气很先声夺人，入口后味道也跟得上；作为一餐里的主角很合适。","ee416fcaa1ad025c64fca36f"
"55","BR Robins bell的一家甜品店","BELL","2828","Regular Scoop","8","人上人","1","9","场景感受","[示例评价] 一个人吃Regular Scoop很顺手，和朋友分着吃也不会无聊；整体风味的味道够明确，聊天间隙也能吃出滋味。","0b2fd52e18dadeef769bd7fc"
"55","BR Robins bell的一家甜品店","BELL","2828","Regular Scoop","6","拉完了","2","10","复购判断","[示例评价] 这道Regular Scoop的优点是整体风味各有分工，吃完不会觉得味道散；如果这次合口味，下次还会想再点。","2cdf82e76c4107a5b7079359"
"55","BR Robins bell的一家甜品店","BELL","2829","King Scoop","8","人上人","1","5","食材搭配","[示例评价] 从整体风味的搭配看，食材之间没有互相抢味，King Scoop吃起来有自己的重点，配一杯清饮会更舒服。","7332fdde2e597b72c64f50af"
"55","BR Robins bell的一家甜品店","BELL","2829","King Scoop","6","拉完了","2","6","收尾回味","[示例评价] 咽下去以后还能留住一点整体风味的回味，King Scoop不是只靠第一口取胜，后段味道也有记忆点。","e56ce08b57345284e4fd2cd0"
"55","BR Robins bell的一家甜品店","BELL","2830","Cup or Cone","6","拉完了","1","7","日常满足","[示例评价] 想吃得踏实的时候可以点Cup or Cone：甜味让味道有内容，分量和满足感也比较适合日常解决一餐。","6c936a546cce1d54de8db252"
"55","BR Robins bell的一家甜品店","BELL","2830","Cup or Cone","7","NPC","2","8","口味建议","[示例评价] 如果平时喜欢甜味，这道Cup or Cone值得试试；怕重口的话先从少辣、少酱开始，更容易吃到原本的味道。","58bc4faa0e78a95b4a0242e9"
"55","BR Robins bell的一家甜品店","BELL","2831","Waffle Cone","9","顶级","1","1","第一口印象","[示例评价] 第一口先尝到整体风味的味道，层次很清楚；Waffle Cone适合趁热吃，香气会更完整。","e96f92f45abec7426fbafd71"
"55","BR Robins bell的一家甜品店","BELL","2831","Waffle Cone","8","人上人","2","2","风味平衡","[示例评价] Waffle Cone把整体风味的味道收得比较平衡，不会只剩单一的咸或甜；喜欢清爽口味的话可以少加酱汁。","2bfe6e5037c3b746ebb656c4"
"56","Astana","B1","2862","Samsa beef","7","NPC","1","2","风味平衡","[示例评价] Samsa beef把牛肉、烤制香气的味道收得比较平衡，不会只剩单一的咸或甜；喜欢清爽口味的话可以少加酱汁。","aee8a91c0c95b56977353ee5"
"56","Astana","B1","2862","Samsa beef","10","夯爆了","2","3","口感变化","[示例评价] 这道Samsa beef有意思的地方在口感变化：牛肉、烤制香气带来不同的咀嚼感，慢慢吃比急着吞更能尝出细节。","71fe1ee82bd317513c1afa52"
"56","Astana","B1","2863","Traditional Bread","10","夯爆了","1","5","食材搭配","[示例评价] 从面条的搭配看，食材之间没有互相抢味，Traditional Bread吃起来有自己的重点，配一杯清饮会更舒服。","ffb72fde7c6fc594c67bf4f0"
"56","Astana","B1","2863","Traditional Bread","6","拉完了","2","6","收尾回味","[示例评价] 咽下去以后还能留住一点面条的回味，Traditional Bread不是只靠第一口取胜，后段味道也有记忆点。","970e1060daf5c235491a13e4"
"56","Astana","B1","2864","Seld Pod Shuboi","9","顶级","1","8","口味建议","[示例评价] 如果平时喜欢鱼肉，这道Seld Pod Shuboi值得试试；怕重口的话先从少辣、少酱开始，更容易吃到原本的味道。","3a982f533198eb2e54e661f8"
"56","Astana","B1","2864","Seld Pod Shuboi","8","人上人","2","9","场景感受","[示例评价] 一个人吃Seld Pod Shuboi很顺手，和朋友分着吃也不会无聊；鱼肉的味道够明确，聊天间隙也能吃出滋味。","839b20745b6a68bc5b60672a"
"56","Astana","B1","2865","Vinegret","10","夯爆了","1","1","第一口印象","[示例评价] 第一口先尝到整体风味的味道，层次很清楚；Vinegret适合趁热吃，香气会更完整。","dde66084abf7805b37c30a40"
"56","Astana","B1","2865","Vinegret","10","夯爆了","2","2","风味平衡","[示例评价] Vinegret把整体风味的味道收得比较平衡，不会只剩单一的咸或甜；喜欢清爽口味的话可以少加酱汁。","72706375136efd79d12e0922"
"56","Astana","B1","2866","Khachapuri","7","NPC","1","8","口味建议","[示例评价] 如果平时喜欢面条、奶香，这道Khachapuri值得试试；怕重口的话先从少辣、少酱开始，更容易吃到原本的味道。","9bf888335f2d820d22e00734"
"56","Astana","B1","2866","Khachapuri","10","夯爆了","2","9","场景感受","[示例评价] 一个人吃Khachapuri很顺手，和朋友分着吃也不会无聊；面条、奶香的味道够明确，聊天间隙也能吃出滋味。","b9d486013c11f516aea8b437"
"57","佳粤中国餐厅Chinese Cuisine","BELL","2938","Roasted Goose Rice","6","拉完了","1","9","场景感受","[示例评价] 一个人吃Roasted Goose Rice很顺手，和朋友分着吃也不会无聊；鸭肉、米饭、烤制香气的味道够明确，聊天间隙也能吃出滋味。","e71db5b0b6a93778bc184d0c"
"57","佳粤中国餐厅Chinese Cuisine","BELL","2938","Roasted Goose Rice","9","顶级","2","10","复购判断","[示例评价] 这道Roasted Goose Rice的优点是鸭肉、米饭、烤制香气各有分工，吃完不会觉得味道散；如果这次合口味，下次还会想再点。","ea65988717c756a0ffaab28a"
"57","佳粤中国餐厅Chinese Cuisine","BELL","2939","Crispy Roast Chicken Rice","7","NPC","1","7","日常满足","[示例评价] 想吃得踏实的时候可以点Crispy Roast Chicken Rice：鸡肉、米饭、酥脆口感、烤制香气让味道有内容，分量和满足感也比较适合日常解决一餐。","5f52dc19b2c2668916255a2c"
"57","佳粤中国餐厅Chinese Cuisine","BELL","2939","Crispy Roast Chicken Rice","8","人上人","2","8","口味建议","[示例评价] 如果平时喜欢鸡肉、米饭、酥脆口感、烤制香气，这道Crispy Roast Chicken Rice值得试试；怕重口的话先从少辣、少酱开始，更容易吃到原本的味道。","f4d6f3ae1b1b1437aafff1d0"
"57","佳粤中国餐厅Chinese Cuisine","BELL","2940","Roasted Goose Drumstick Rice","6","拉完了","1","3","口感变化","[示例评价] 这道Roasted Goose Drumstick Rice有意思的地方在口感变化：鸭肉、米饭、烤制香气带来不同的咀嚼感，慢慢吃比急着吞更能尝出细节。","d8f1be6d29dad2104205e7dd"
"57","佳粤中国餐厅Chinese Cuisine","BELL","2940","Roasted Goose Drumstick Rice","9","顶级","2","4","香气表现","[示例评价] 端上来时鸭肉、米饭、烤制香气的香气很先声夺人，入口后味道也跟得上；作为一餐里的主角很合适。","53962517925913ac31529fd4"
"57","佳粤中国餐厅Chinese Cuisine","BELL","2941","Salt Baked Chicken Rice","9","顶级","1","9","场景感受","[示例评价] 一个人吃Salt Baked Chicken Rice很顺手，和朋友分着吃也不会无聊；鸡肉、米饭的味道够明确，聊天间隙也能吃出滋味。","09d01b73c895b165c0876d6e"
"57","佳粤中国餐厅Chinese Cuisine","BELL","2941","Salt Baked Chicken Rice","8","人上人","2","10","复购判断","[示例评价] 这道Salt Baked Chicken Rice的优点是鸡肉、米饭各有分工，吃完不会觉得味道散；如果这次合口味，下次还会想再点。","0af9010e88ca812e513227fc"
"57","佳粤中国餐厅Chinese Cuisine","BELL","2942","Roasted Goose Thigh Rice","6","拉完了","1","2","风味平衡","[示例评价] Roasted Goose Thigh Rice把鸭肉、米饭、烤制香气的味道收得比较平衡，不会只剩单一的咸或甜；喜欢清爽口味的话可以少加酱汁。","b8679e57b054cf1675c7c3c0"
"57","佳粤中国餐厅Chinese Cuisine","BELL","2942","Roasted Goose Thigh Rice","9","顶级","2","3","口感变化","[示例评价] 这道Roasted Goose Thigh Rice有意思的地方在口感变化：鸭肉、米饭、烤制香气带来不同的咀嚼感，慢慢吃比急着吞更能尝出细节。","db950a5b7069e41ae0b68deb"
"58","GEPUK,GEPREK","BELL","3024","Ayam Geprek Retro Set","8","人上人","1","6","收尾回味","[示例评价] 咽下去以后还能留住一点酥脆口感的回味，Ayam Geprek Retro Set不是只靠第一口取胜，后段味道也有记忆点。","05603a849d7f82b772f77804"
"58","GEPUK,GEPREK","BELL","3024","Ayam Geprek Retro Set","6","拉完了","2","7","日常满足","[示例评价] 想吃得踏实的时候可以点Ayam Geprek Retro Set：酥脆口感让味道有内容，分量和满足感也比较适合日常解决一餐。","30676f2e710305f4b12cd332"
"58","GEPUK,GEPREK","BELL","3025","Ayam Geprek Cheezy Set","10","夯爆了","1","5","食材搭配","[示例评价] 从酥脆口感的搭配看，食材之间没有互相抢味，Ayam Geprek Cheezy Set吃起来有自己的重点，配一杯清饮会更舒服。","1a95e25894182fb492436370"
"58","GEPUK,GEPREK","BELL","3025","Ayam Geprek Cheezy Set","8","人上人","2","6","收尾回味","[示例评价] 咽下去以后还能留住一点酥脆口感的回味，Ayam Geprek Cheezy Set不是只靠第一口取胜，后段味道也有记忆点。","8dc4ac16a2a52cc9f849f38e"
"58","GEPUK,GEPREK","BELL","3026","Ayam Penyet Set","7","NPC","1","6","收尾回味","[示例评价] 咽下去以后还能留住一点酥脆口感的回味，Ayam Penyet Set不是只靠第一口取胜，后段味道也有记忆点。","9b00f7fe6dfbcf32912a1765"
"58","GEPUK,GEPREK","BELL","3026","Ayam Penyet Set","7","NPC","2","7","日常满足","[示例评价] 想吃得踏实的时候可以点Ayam Penyet Set：酥脆口感让味道有内容，分量和满足感也比较适合日常解决一餐。","93e0300a40c97fc8a1fce8eb"
"58","GEPUK,GEPREK","BELL","3027","Ayam Bakar Retro Set","10","夯爆了","1","7","日常满足","[示例评价] 想吃得踏实的时候可以点Ayam Bakar Retro Set：烤制香气让味道有内容，分量和满足感也比较适合日常解决一餐。","10f6593da8302e58ff92149f"
"58","GEPUK,GEPREK","BELL","3027","Ayam Bakar Retro Set","9","顶级","2","8","口味建议","[示例评价] 如果平时喜欢烤制香气，这道Ayam Bakar Retro Set值得试试；怕重口的话先从少辣、少酱开始，更容易吃到原本的味道。","1a938610bab46849f43500b3"
"58","GEPUK,GEPREK","BELL","3028","Double Spicy Ayam Geprek Set","6","拉完了","1","6","收尾回味","[示例评价] 咽下去以后还能留住一点酥脆口感、辣味的回味，Double Spicy Ayam Geprek Set不是只靠第一口取胜，后段味道也有记忆点。","15a69bdf02b7274c4f2c4e18"
"58","GEPUK,GEPREK","BELL","3028","Double Spicy Ayam Geprek Set","9","顶级","2","7","日常满足","[示例评价] 想吃得踏实的时候可以点Double Spicy Ayam Geprek Set：酥脆口感、辣味让味道有内容，分量和满足感也比较适合日常解决一餐。","e67049bc4128684af88fb90d"
"59","榴宝贝DurianBaby","LY3","3056","Chicken Pizza","8","人上人","1","3","口感变化","[示例评价] 这道Chicken Pizza有意思的地方在口感变化：鸡肉、披萨、奶香带来不同的咀嚼感，慢慢吃比急着吞更能尝出细节。","ad0fb00d6950279360c84b51"
"59","榴宝贝DurianBaby","LY3","3056","Chicken Pizza","7","NPC","2","4","香气表现","[示例评价] 端上来时鸡肉、披萨、奶香的香气很先声夺人，入口后味道也跟得上；作为一餐里的主角很合适。","0c146e73c88c7355e8cfcf9a"
"59","榴宝贝DurianBaby","LY3","3057","Vegi Lovers Pizza","7","NPC","1","1","第一口印象","[示例评价] 第一口先尝到披萨、奶香的味道，层次很清楚；Vegi Lovers Pizza适合趁热吃，香气会更完整。","ebd74226b8a9ec4f883a1b6c"
"59","榴宝贝DurianBaby","LY3","3057","Vegi Lovers Pizza","8","人上人","2","2","风味平衡","[示例评价] Vegi Lovers Pizza把披萨、奶香的味道收得比较平衡，不会只剩单一的咸或甜；喜欢清爽口味的话可以少加酱汁。","586a5981c7253a36a80f35a3"
"59","榴宝贝DurianBaby","LY3","3058","Hawaiian Pizza","9","顶级","1","10","复购判断","[示例评价] 这道Hawaiian Pizza的优点是鸡肉、披萨、奶香各有分工，吃完不会觉得味道散；如果这次合口味，下次还会想再点。","d4bf7defaf9ef2cc5bf9e711"
"59","榴宝贝DurianBaby","LY3","3058","Hawaiian Pizza","9","顶级","2","1","第一口印象","[示例评价] 第一口先尝到鸡肉、披萨、奶香的味道，层次很清楚；Hawaiian Pizza适合趁热吃，香气会更完整。","1a3e22c179083a1c5fc8242b"
"59","榴宝贝DurianBaby","LY3","3059","Beef Pepperoni Pizza","6","拉完了","1","9","场景感受","[示例评价] 一个人吃Beef Pepperoni Pizza很顺手，和朋友分着吃也不会无聊；牛肉、披萨、辣味、奶香的味道够明确，聊天间隙也能吃出滋味。","7de0201d0c22fca7cba0208d"
"59","榴宝贝DurianBaby","LY3","3059","Beef Pepperoni Pizza","6","拉完了","2","10","复购判断","[示例评价] 这道Beef Pepperoni Pizza的优点是牛肉、披萨、辣味、奶香各有分工，吃完不会觉得味道散；如果这次合口味，下次还会想再点。","d13602c80f1c17c6aacadeb2"
"59","榴宝贝DurianBaby","LY3","3060","Shawarma Chicken Wrap","9","顶级","1","3","口感变化","[示例评价] 这道Shawarma Chicken Wrap有意思的地方在口感变化：鸡肉带来不同的咀嚼感，慢慢吃比急着吞更能尝出细节。","b6f824103c3d009404e395c7"
"59","榴宝贝DurianBaby","LY3","3060","Shawarma Chicken Wrap","7","NPC","2","4","香气表现","[示例评价] 端上来时鸡肉的香气很先声夺人，入口后味道也跟得上；作为一餐里的主角很合适。","5e768f2c49a0b1e4ef88ff57"
"60","CHIBA(Japanese Cuisine)","LY3","3076","Unagi Rice","10","夯爆了","1","3","口感变化","[示例评价] 这道Unagi Rice有意思的地方在口感变化：鱼肉、鳗鱼、米饭带来不同的咀嚼感，慢慢吃比急着吞更能尝出细节。","2feb8ed3aea2cc0a0855ae71"
"60","CHIBA(Japanese Cuisine)","LY3","3076","Unagi Rice","7","NPC","2","4","香气表现","[示例评价] 端上来时鱼肉、鳗鱼、米饭的香气很先声夺人，入口后味道也跟得上；作为一餐里的主角很合适。","94aedbdce3f8c709765c337a"
"60","CHIBA(Japanese Cuisine)","LY3","3077","Curry Udon with Tempura Prawn","7","NPC","1","2","风味平衡","[示例评价] Curry Udon with Tempura Prawn把鱼肉、虾、面条、米饭的味道收得比较平衡，不会只剩单一的咸或甜；喜欢清爽口味的话可以少加酱汁。","fe8b38661df4f4362b15691f"
"60","CHIBA(Japanese Cuisine)","LY3","3077","Curry Udon with Tempura Prawn","9","顶级","2","3","口感变化","[示例评价] 这道Curry Udon with Tempura Prawn有意思的地方在口感变化：鱼肉、虾、面条、米饭带来不同的咀嚼感，慢慢吃比急着吞更能尝出细节。","86f2809ae3058ffee946dbde"
"60","CHIBA(Japanese Cuisine)","LY3","3078","Curry Trio Combo (Fish + Prawn + Beef)","10","夯爆了","1","5","食材搭配","[示例评价] 从牛肉、鱼肉、虾、米饭的搭配看，食材之间没有互相抢味，Curry Trio Combo (Fish + Prawn + Beef)吃起来有自己的重点，配一杯清饮会更舒服。","818d127bb178587b2d821362"
"60","CHIBA(Japanese Cuisine)","LY3","3078","Curry Trio Combo (Fish + Prawn + Beef)","10","夯爆了","2","6","收尾回味","[示例评价] 咽下去以后还能留住一点牛肉、鱼肉、虾、米饭的回味，Curry Trio Combo (Fish + Prawn + Beef)不是只靠第一口取胜，后段味道也有记忆点。","60287df4f224c07cc94538fc"
"60","CHIBA(Japanese Cuisine)","LY3","3079","Curry Fish & Chicken Combo Rice","6","拉完了","1","1","第一口印象","[示例评价] 第一口先尝到鸡肉、鱼肉、米饭、酥脆口感的味道，层次很清楚；Curry Fish & Chicken Combo Rice适合趁热吃，香气会更完整。","2eb093bff0d97af3e235031f"
"60","CHIBA(Japanese Cuisine)","LY3","3079","Curry Fish & Chicken Combo Rice","6","拉完了","2","2","风味平衡","[示例评价] Curry Fish & Chicken Combo Rice把鸡肉、鱼肉、米饭、酥脆口感的味道收得比较平衡，不会只剩单一的咸或甜；喜欢清爽口味的话可以少加酱汁。","8f76cce4b3a239516bf01ff6"
"60","CHIBA(Japanese Cuisine)","LY3","3080","Japan Chicken Soup Udon Noodles","10","夯爆了","1","9","场景感受","[示例评价] 一个人吃Japan Chicken Soup Udon Noodles很顺手，和朋友分着吃也不会无聊；鸡肉、面条、米饭、汤的味道够明确，聊天间隙也能吃出滋味。","85059855f28cac71927b6ace"
"60","CHIBA(Japanese Cuisine)","LY3","3080","Japan Chicken Soup Udon Noodles","8","人上人","2","10","复购判断","[示例评价] 这道Japan Chicken Soup Udon Noodles的优点是鸡肉、面条、米饭、汤各有分工，吃完不会觉得味道散；如果这次合口味，下次还会想再点。","cfa52a5a9513511b0c412c96"
"61","三千尺 San Qianchi","BELL","3099","Boiled Beef Noodle","8","人上人","1","2","风味平衡","[示例评价] Boiled Beef Noodle把牛肉、面条的味道收得比较平衡，不会只剩单一的咸或甜；喜欢清爽口味的话可以少加酱汁。","843e635ffb7284093df11161"
"61","三千尺 San Qianchi","BELL","3099","Boiled Beef Noodle","9","顶级","2","3","口感变化","[示例评价] 这道Boiled Beef Noodle有意思的地方在口感变化：牛肉、面条带来不同的咀嚼感，慢慢吃比急着吞更能尝出细节。","78538f65fdd342a31950ebdd"
"61","三千尺 San Qianchi","BELL","3100","Braised Beef Noodle","10","夯爆了","1","2","风味平衡","[示例评价] Braised Beef Noodle把牛肉、面条的味道收得比较平衡，不会只剩单一的咸或甜；喜欢清爽口味的话可以少加酱汁。","f740a165e68ba1bef389e30c"
"61","三千尺 San Qianchi","BELL","3100","Braised Beef Noodle","7","NPC","2","3","口感变化","[示例评价] 这道Braised Beef Noodle有意思的地方在口感变化：牛肉、面条带来不同的咀嚼感，慢慢吃比急着吞更能尝出细节。","08ab68e9e7f51672622fc0dc"
"61","三千尺 San Qianchi","BELL","3101","Mixed Beef Noodle","9","顶级","1","2","风味平衡","[示例评价] Mixed Beef Noodle把牛肉、面条的味道收得比较平衡，不会只剩单一的咸或甜；喜欢清爽口味的话可以少加酱汁。","43c7a408e5ec4c2d8ae67e2a"
"61","三千尺 San Qianchi","BELL","3101","Mixed Beef Noodle","6","拉完了","2","3","口感变化","[示例评价] 这道Mixed Beef Noodle有意思的地方在口感变化：牛肉、面条带来不同的咀嚼感，慢慢吃比急着吞更能尝出细节。","a4f176c19ef3f8b6adff0156"
"61","三千尺 San Qianchi","BELL","3102","Pork Intestines Noodle","6","拉完了","1","2","风味平衡","[示例评价] Pork Intestines Noodle把猪肉、面条的味道收得比较平衡，不会只剩单一的咸或甜；喜欢清爽口味的话可以少加酱汁。","123c0bc088c285ac88e24a8d"
"61","三千尺 San Qianchi","BELL","3102","Pork Intestines Noodle","7","NPC","2","3","口感变化","[示例评价] 这道Pork Intestines Noodle有意思的地方在口感变化：猪肉、面条带来不同的咀嚼感，慢慢吃比急着吞更能尝出细节。","cb55a7d8e29c692a7bcf6234"
"61","三千尺 San Qianchi","BELL","3103","Pork Ribs Noodle","8","人上人","1","2","风味平衡","[示例评价] Pork Ribs Noodle把猪肉、面条的味道收得比较平衡，不会只剩单一的咸或甜；喜欢清爽口味的话可以少加酱汁。","358a66271e48bf14179546d1"
"61","三千尺 San Qianchi","BELL","3103","Pork Ribs Noodle","8","人上人","2","3","口感变化","[示例评价] 这道Pork Ribs Noodle有意思的地方在口感变化：猪肉、面条带来不同的咀嚼感，慢慢吃比急着吞更能尝出细节。","7aa19cb4816a8a27538447c3"
"62","生活银座","LY3","3148","Tendon","7","NPC","1","6","收尾回味","[示例评价] 咽下去以后还能留住一点米饭、酥脆口感的回味，Tendon不是只靠第一口取胜，后段味道也有记忆点。","6289e5c0043e39ef68bb66f1"
"62","生活银座","LY3","3148","Tendon","10","夯爆了","2","7","日常满足","[示例评价] 想吃得踏实的时候可以点Tendon：米饭、酥脆口感让味道有内容，分量和满足感也比较适合日常解决一餐。","56c04b3ea13bba22d2f1214b"
"62","生活银座","LY3","3149","Chicken Katsu Don","6","拉完了","1","4","香气表现","[示例评价] 端上来时鸡肉、米饭、酥脆口感的香气很先声夺人，入口后味道也跟得上；作为一餐里的主角很合适。","2e7963634e4385f4281bf751"
"62","生活银座","LY3","3149","Chicken Katsu Don","8","人上人","2","5","食材搭配","[示例评价] 从鸡肉、米饭、酥脆口感的搭配看，食材之间没有互相抢味，Chicken Katsu Don吃起来有自己的重点，配一杯清饮会更舒服。","5607fe6d555268138621b12d"
"62","生活银座","LY3","3150","Yaki Niku Don (Chicken)","6","拉完了","1","5","食材搭配","[示例评价] 从鸡肉、米饭、烤制香气的搭配看，食材之间没有互相抢味，Yaki Niku Don (Chicken)吃起来有自己的重点，配一杯清饮会更舒服。","b4a1905e58de6f7904683a01"
"62","生活银座","LY3","3150","Yaki Niku Don (Chicken)","8","人上人","2","6","收尾回味","[示例评价] 咽下去以后还能留住一点鸡肉、米饭、烤制香气的回味，Yaki Niku Don (Chicken)不是只靠第一口取胜，后段味道也有记忆点。","0d8963d0e7c899490298fd36"
"62","生活银座","LY3","3151","Una Don","6","拉完了","1","10","复购判断","[示例评价] 这道Una Don的优点是鱼肉、鳗鱼、米饭各有分工，吃完不会觉得味道散；如果这次合口味，下次还会想再点。","3b1a0bd2a9ceee71819fb13a"
"62","生活银座","LY3","3151","Una Don","10","夯爆了","2","1","第一口印象","[示例评价] 第一口先尝到鱼肉、鳗鱼、米饭的味道，层次很清楚；Una Don适合趁热吃，香气会更完整。","69d598cf08a2c32affc4bc82"
"62","生活银座","LY3","3152","Unatama Don","10","夯爆了","1","5","食材搭配","[示例评价] 从鱼肉、鳗鱼、米饭的搭配看，食材之间没有互相抢味，Unatama Don吃起来有自己的重点，配一杯清饮会更舒服。","97af6a5de97257c09a23af70"
"62","生活银座","LY3","3152","Unatama Don","7","NPC","2","6","收尾回味","[示例评价] 咽下去以后还能留住一点鱼肉、鳗鱼、米饭的回味，Unatama Don不是只靠第一口取胜，后段味道也有记忆点。","994c679a5e305686b7df1536"
"63","水果捞Fruit Salad","LY3","3187","Cut Fruit","8","人上人","1","7","日常满足","[示例评价] 想吃得踏实的时候可以点Cut Fruit：整体风味让味道有内容，分量和满足感也比较适合日常解决一餐。","6a2f9ebf374d3f73d72378ee"
"63","水果捞Fruit Salad","LY3","3187","Cut Fruit","9","顶级","2","8","口味建议","[示例评价] 如果平时喜欢整体风味，这道Cut Fruit值得试试；怕重口的话先从少辣、少酱开始，更容易吃到原本的味道。","b557786242694f01c90de5d4"
"63","水果捞Fruit Salad","LY3","3188","Orange Juice","8","人上人","1","2","风味平衡","[示例评价] Orange Juice把橙子、果汁的味道收得比较平衡，不会只剩单一的咸或甜；喜欢清爽口味的话可以少加酱汁。","7730c8f34ba7b60d34047714"
"63","水果捞Fruit Salad","LY3","3188","Orange Juice","6","拉完了","2","3","口感变化","[示例评价] 这道Orange Juice有意思的地方在口感变化：橙子、果汁带来不同的咀嚼感，慢慢吃比急着吞更能尝出细节。","26935a1513fa8a2479d74ee6"
"63","水果捞Fruit Salad","LY3","3189","Apple Juice","9","顶级","1","3","口感变化","[示例评价] 这道Apple Juice有意思的地方在口感变化：苹果、果汁带来不同的咀嚼感，慢慢吃比急着吞更能尝出细节。","479da419a929cc8f70e139a1"
"63","水果捞Fruit Salad","LY3","3189","Apple Juice","10","夯爆了","2","4","香气表现","[示例评价] 端上来时苹果、果汁的香气很先声夺人，入口后味道也跟得上；作为一餐里的主角很合适。","06dec2c59a7784469508681b"
"63","水果捞Fruit Salad","LY3","3190","Mango Juice","6","拉完了","1","7","日常满足","[示例评价] 想吃得踏实的时候可以点Mango Juice：芒果、果汁让味道有内容，分量和满足感也比较适合日常解决一餐。","cdea258baf66d17505e935a2"
"63","水果捞Fruit Salad","LY3","3190","Mango Juice","9","顶级","2","8","口味建议","[示例评价] 如果平时喜欢芒果、果汁，这道Mango Juice值得试试；怕重口的话先从少辣、少酱开始，更容易吃到原本的味道。","d664ebfcd35c21931d80ee60"
"63","水果捞Fruit Salad","LY3","3191","Watermelon Juice","9","顶级","1","7","日常满足","[示例评价] 想吃得踏实的时候可以点Watermelon Juice：西瓜、果汁让味道有内容，分量和满足感也比较适合日常解决一餐。","09be72c26369be00ff279af7"
"63","水果捞Fruit Salad","LY3","3191","Watermelon Juice","10","夯爆了","2","8","口味建议","[示例评价] 如果平时喜欢西瓜、果汁，这道Watermelon Juice值得试试；怕重口的话先从少辣、少酱开始，更容易吃到原本的味道。","d5d2e33852fee263c43f141a"
